Molecule_ID,E_ST,condition E_ST,S?,condition S?,T?,condition T?
TADF-M-00000,710,PMMA,,,,
TADF-M-00001,520,PMMA,,,,
TADF-M-00002,80,neat film,,,,
TADF-M-00003,70,neat film,,,,
TADF-M-00004,30,neat film,,,,
TADF-M-00005,210,DPEPO,,,,
TADF-M-00006,380,PMMA,,,,
TADF-M-00007,260,PMMA,,,,
TADF-M-00008,390,PMMA,,,,
TADF-M-00009,70,PMMA,,,,
TADF-M-00010,440,toluene,,,,
TADF-M-00011,110,PMMA,,,,
TADF-M-00012,180,toluene,,,,
TADF-M-00013,190,toluene,,,,
TADF-M-00014,664,toluene,,,,
TADF-M-00015,63,toluene,,,,
TADF-M-00016,270,DPEPO,,,,
TADF-M-00017,340,DPEPO,,,,
TADF-M-00018,60,toluene,,,,
TADF-M-00019,180,toluene,,,,
TADF-M-00020,320,toluene,,,,
TADF-M-00021,220,DPEPO,,,,
TADF-M-00022,240,DPEPO,2940,THF,2700,THF
TADF-M-00023,180,DPEPO,3020,THF,2840,THF
TADF-M-00024,180,DPEPO,2950,THF,2770,THF
TADF-M-00025,20,DPEPO,,,,
TADF-M-00026,150,DPEPO,3070,DPEPO,2920,DPEPO
TADF-M-00027,251,toluene,,,,
TADF-M-00028,114,toluene,,,,
TADF-M-00029,336,toluene,,,,
TADF-M-00049,120,neat film,3000,zeonex,2810,zeonex
TADF-M-00050,200,zeonex,,,,
TADF-M-00051,300,zeonex,,,,
TADF-M-00061,82,toluene,,,,
TADF-M-00062,111,toluene,,,,
TADF-M-00072,187,toluene,,,,
TADF-M-00073,156,toluene,,,,
TADF-M-00074,25,toluene,,,,
TADF-M-00075,270,PPT,2930,PPT,2660,PPT
TADF-M-00076,380,PPT,2800,PPT,2420,PPT
TADF-M-00077,70,mCP,,,,
TADF-M-00078,60,mCP,,,,
TADF-M-00079,150,DPEPO,,,,
TADF-M-00080,290,DPEPO,,,,
TADF-M-00081,340,DPEPO,,,,
TADF-M-00082,160,DPEPO,2720,DPEPO,2560,DPEPO
TADF-M-00083,390,CBP,,,,
TADF-M-00084,360,CBP,2940,DPEPO,2580,DPEPO
TADF-M-00085,210,CBP,2730,CBP,2520,CBP
TADF-M-00086,250,DPEPO,,,,
TADF-M-00087,150,DPEPO,,,,
TADF-M-00094,60,toluene,3110,toluene,3050,toluene
TADF-M-00095,110,toluene,3060,toluene,2950,toluene
TADF-M-00102,130,neat film,2750,neat film,2620,neat film
TADF-M-00103,70,neat film,2670,neat film,2600,neat film
TADF-M-00104,70,neat film,2690,neat film,2620,neat film
TADF-M-00105,80,neat film,2720,neat film,2640,neat film
TADF-M-00106,530,neat film,2810,neat film,2280,neat film
TADF-M-00111,200,THF,2550,THF,2350,THF
TADF-M-00112,240,THF,2520,THF,2280,THF
TADF-M-02253,100,THF,2710,THF,2610,THF
TADF-M-02254,40,THF,2790,THF,2750,THF
TADF-M-00128,300,THF,,,,
TADF-M-00129,360,toluene,3200,toluene,2810,toluene
TADF-M-00130,280,toluene,3080,toluene,2800,toluene
TADF-M-00131,290,toluene,3090,toluene,2720,toluene
TADF-M-00132,240,toluene,3090,toluene,2780,toluene
TADF-M-02262,170,toluene,2950,toluene,2780,toluene
TADF-M-02263,140,toluene,2940,toluene,2800,toluene
TADF-M-02265,,,830,CHCl3,,
TADF-M-02266,,,1330,CHCl3,,
TADF-M-02267,,,1290,CHCl3,,
TADF-M-00190,250,toluene,3200,toluene,2930,THF
TADF-M-00269,163,PMMA,3320,PMMA,3160,PMMA
TADF-M-00270,477,PMMA,3330,PMMA,2850,PMMA
TADF-M-00271,101,PMMA,3200,PMMA,3100,PMMA
TADF-M-00272,302,PMMA,3160,PMMA,2860,PMMA
TADF-M-00273,196,PMMA,3310,PMMA,3120,PMMA
TADF-M-00274,276,PMMA,3150,PMMA,2870,PMMA
TADF-M-00285,,,3290,toluene,2790,toluene
TADF-M-00286,,,3120,toluene,2640,toluene
TADF-M-00287,,,3200,toluene,2640,toluene
TADF-M-00288,,,3170,toluene,2540,toluene
TADF-M-00290,17,neat film,,,,
TADF-M-00291,68,neat film,,,,
TADF-M-02274,,,2320,toluene,2240,toluene
TADF-M-00299,940,neat film,4050,neat film,3110,neat film
TADF-M-00300,100,neat film,2820,neat film,2720,neat film
TADF-M-00301,290,neat film,2980,neat film,2690,neat film
TADF-M-00312,20,DPEPO,2740,DPEPO,2720,DPEPO
TADF-M-00313,440,DPEPO,2970,DPEPO,2930,DPEPO
TADF-M-00314,40,DPEPO,3070,DPEPO,2630,DPEPO
TADF-M-00315,430,DPEPO,3490,DPEPO,3060,DPEPO
TADF-M-00317,230,toluene,2890,toluene,2700,toluene
TADF-M-00320,320,toluene,,,,
TADF-M-00321,260,toluene,,,,
TADF-M-00322,230,toluene,,,,
TADF-M-00323,220,toluene,,,,
TADF-M-00324,160,toluene,,,,
TADF-M-02283,32,toluene,,,,
TADF-M-02284,33,toluene,,,,
TADF-M-00344,18,mCP,,,,
TADF-M-00345,6,mCP,,,,
TADF-M-00358,,,2610,neat film,2590,neat film
TADF-M-02288,10,CBP,2530,CBP,2520,CBP
TADF-M-02289,40,CBP,2340,CBP,2300,CBP
TADF-M-02290,50,CBP,2340,CBP,2290,CBP
TADF-M-00364,30,CBP,2220,CBP,2190,CBP
TADF-M-00365,30,CBP,2380,CBP,2350,CBP
TADF-M-00369,,,2360,mCP,2300,mCP
TADF-M-00370,,,2260,mCP,2190,mCP
TADF-M-00371,,,2150,mCP,2060,mCP
TADF-M-00372,96,neat film,,,,
TADF-M-00373,90,neat film,,,,
TADF-M-00374,84,neat film,,,,
TADF-M-00375,,,2330,mCP,2260,mCP
TADF-M-00376,,,2440,mCP,2280,mCP
TADF-M-02291,230,CH2Cl2,,,,
TADF-M-02292,240,CH2Cl2,,,,
TADF-M-00380,210,neat film,,,,
TADF-M-00382,50,BCPO,,,,
TADF-M-00381,30,BCPO,,,,
TADF-M-02293,,,,,2980,toluene
TADF-M-02294,49000,neat film,,,2880,toluene
TADF-M-02298,54000,neat film,,,,
TADF-M-00383,280,mCP,,,,
TADF-M-00384,120,mCP,,,,
TADF-M-00385,50,mCP,,,,
TADF-M-02299,39,neat film,,,,
TADF-M-02300,43,neat film,,,,
TADF-M-02304,110,PhCzBCz,,,,
TADF-M-01310,130,PhCzBCz,,,,
TADF-M-02305,240,toluene,3160,toluene,2920,toluene
TADF-M-02306,190,toluene,2980,toluene,2790,toluene
TADF-M-02307,200,toluene,2920,toluene,2720,toluene
TADF-M-00389,60,mCP,2800,mCP,2740,mCP
TADF-M-00390,32,mCP,2790,mCP,2760,mCP
TADF-M-00339,40,toluene,2450,toluene,,
TADF-M-00340,40,toluene,2530,toluene,,
TADF-M-00405,270,toluene,3100,toluene,2830,toluene
TADF-M-00404,270,toluene,3140,toluene,2870,toluene
TADF-M-00414,70,PMMA,2860,PMMA,2790,PMMA
TADF-M-00418,25,neat film,2805,neat film,2780,neat film
TADF-M-01719,160,CzSi,2750,PMMA,2620,toluene
TADF-M-02334,190,CzSi,2630,CzSi,2580,PMMA
TADF-M-00100,50,neat film,2880,toluene,2570,toluene
TADF-M-02335,440,toluene,3210,toluene,2770,toluene
TADF-M-00432,,,2670,neat film,,
TADF-M-00433,,,2530,neat film,,
TADF-M-00438,748,PLA,,,,
TADF-M-00439,606,PLA,,,,
TADF-M-00440,659,PLA,,,,
TADF-M-00441,474,PLA,,,,
TADF-M-00442,436,PLA,,,,
TADF-M-02340,30,neat film,2730,neat film,2700,neat film
TADF-M-02341,20,neat film,2710,neat film,2690,neat film
TADF-M-02342,50,neat film,2940,neat film,2890,neat film
TADF-M-02343,60,neat film,3020,neat film,2960,neat film
TADF-M-02344,550,neat film,3320,neat film,2770,neat film
TADF-M-02345,440,neat film,3210,neat film,2770,neat film
TADF-M-00444,,,2860,toluene,2700,toluene
TADF-M-00445,,,2750,toluene,2600,toluene
TADF-M-02360,60,THF,2710,THF,2650,THF
TADF-M-02361,10,THF,2990,THF,2980,THF
TADF-M-00450,50,toluene,2740,toluene,2690,toluene
TADF-M-00452,10,toluene,2750,toluene,2740,toluene
TADF-M-00453,60,toluene,2750,toluene,2690,toluene
TADF-M-00454,,,3420,toluene,3050,toluene
TADF-M-00455,,,3400,toluene,3050,toluene
TADF-M-00456,,,3320,toluene,3050,toluene
TADF-M-00462,390,toluene,2610,toluene,2220,toluene
TADF-M-00463,400,toluene,2610,toluene,2210,toluene
TADF-M-00464,410,toluene,2640,toluene,2230,toluene
TADF-M-00465,420,toluene,2640,toluene,2220,toluene
TADF-M-00466,140,toluene,2620,toluene,2480,toluene
TADF-M-00467,120,toluene,2560,toluene,2440,toluene
TADF-M-02379,420,PMMA,2760,PMMA,2340,PMMA
TADF-M-02380,490,PMMA,2750,PMMA,2260,PMMA
TADF-M-02381,480,PMMA,2760,PMMA,2280,PMMA
TADF-M-02382,260,PMMA,2940,PMMA,2680,PMMA
TADF-M-02383,330,PMMA,2980,PMMA,2650,PMMA
TADF-M-00486,300,toluene,2900,mCP,2620,mCP
TADF-M-02368,160,toluene,2850,toluene,2690,toluene
TADF-M-02369,10,toluene,2370,toluene,2360,toluene
TADF-M-02370,10,toluene,2570,toluene,2560,toluene
TADF-M-02371,190,toluene,2950,toluene,2760,toluene
TADF-M-02372,170,toluene,2930,toluene,2760,toluene
TADF-M-02373,180,toluene,2950,toluene,2770,toluene
TADF-M-00478,850,THF,,,,
TADF-M-00479,550,THF,,,,
TADF-M-00480,810,THF,,,,
TADF-M-00481,190,THF,,,,
TADF-M-00471,310,THF,,,,
TADF-M-00472,260,THF,,,,
TADF-M-00473,280,THF,,,,
TADF-M-00501,13,mCP,2790,mCP,2780,mCP
TADF-M-00311,81,mCP,2890,mCP,2730,mCP
TADF-M-00502,10,"2,6-DCzPPy",2430,"2,6-DCzPPy",2420,"2,6-DCzPPy"
TADF-M-00503,20,"2,6-DCzPPy",2300,"2,6-DCzPPy",2280,"2,6-DCzPPy"
TADF-M-00504,100,toluene,2260,toluene,2160,toluene
TADF-M-00505,40,toluene,2270,toluene,2230,toluene
TADF-M-00506,140,toluene,2260,toluene,2120,toluene
TADF-M-02386,130,toluene,2820,toluene,2690,toluene
TADF-M-00510,160,toluene,,,,
TADF-M-00511,160,toluene,,,,
TADF-M-00512,100,toluene,,,,
TADF-M-00513,80,toluene,,,,
TADF-M-00514,160,toluene,,,,
TADF-M-00515,3,toluene,,,,
TADF-M-02385,51,CH2Cl2,,,,
TADF-M-02384,56,CH2Cl2,,,,
TADF-M-00516,200,zeonex,3030,zeonex,2830,zeonex
TADF-M-00517,570,zeonex,3320,zeonex,2760,zeonex
TADF-M-00518,360,zeonex,2980,zeonex,2630,zeonex
TADF-M-00521,397,PMMA,,,,
TADF-M-00522,510,PMMA,,,,
TADF-M-00523,128,PMMA,,,,
TADF-M-00524,443,PMMA,,,,
TADF-M-00525,501,PMMA,,,,
TADF-M-00526,265,PMMA,,,,
TADF-M-00527,159,PMMA,,,,
TADF-M-00528,530,PMMA,,,,
TADF-M-00529,273,PMMA,,,,
TADF-M-00534,310,MeCN,,,,
TADF-M-00535,180,MeCN,,,,
TADF-M-00536,160,MeCN,,,,
TADF-M-00537,100,MeCN,,,,
TADF-M-00538,280,MeCN,,,,
TADF-M-00539,130,MeCN,,,,
TADF-M-00540,110,MeCN,,,,
TADF-M-00541,220,MeCN,,,,
TADF-M-00542,110,MeCN,,,,
TADF-M-00543,100,MeCN,,,,
TADF-M-00544,150,neat film,,,,
TADF-M-00545,40,"2,6-DCzPPy",,,,
TADF-M-00546,90,"2,6-DCzPPy",,,,
TADF-M-00547,30,mCP,,,,
TADF-M-00549,60,TCTA,,,,
TADF-M-00550,30,DPEPO,,,,
TADF-M-00551,40,"2,6-DCzPPy",,,,
TADF-M-00553,190,mCP,,,,
TADF-M-00554,220,mCP,,,,
TADF-M-00742,21,neat film,,,,
TADF-M-02406,13,neat film,,,,
TADF-M-00558,75,neat film,,,,
TADF-M-00559,63,neat film,,,,
TADF-M-00560,64,neat film,,,,
TADF-M-00561,66,neat film,,,,
TADF-M-00562,190,toluene,,,,
TADF-M-00563,90,toluene,,,,
TADF-M-00564,,,,,240,CBP
TADF-M-00565,,,,,300,CBP
TADF-M-02407,,,,,2660,toluene
TADF-M-02408,,,,,2480,toluene
TADF-M-02409,,,,,2450,toluene
TADF-M-00573,30,neat film,,,,
TADF-M-00574,40,neat film,,,,
TADF-M-02413,110,THF,115,THF,,
TADF-M-02414,77,THF,70,THF,,
TADF-M-00578,210,toluene,,,,
TADF-M-00579,180,toluene,,,,
TADF-M-00580,210,toluene,2330,toluene,2120,toluene
TADF-M-00598,,,,,2840,neat film
TADF-M-00599,,,,,2860,neat film
TADF-M-00600,,,,,2900,THF
TADF-M-00601,,,,,2760,THF
TADF-M-00603,,,,,3000,THF
TADF-M-00602,,,,,3000,THF
TADF-M-00604,330,THF,,,,
TADF-M-00605,430,THF,,,,
TADF-M-00606,190,zeonex,2250,TCTA,2120,CBP
TADF-M-00607,210,TCTA,2280,CBP,2050,CBP
TADF-M-00608,250,TCTA,2340,TCTA,2090,TCTA
TADF-M-00627,,,3490,THF,3020,THF
TADF-M-00628,,,3590,THF,3030,THF
TADF-M-00629,,,3420,THF,3140,THF
TADF-M-02429,300,toluene,,,,
TADF-M-02430,220,toluene,,,,
TADF-M-02431,20,toluene,,,,
TADF-M-02432,620,CBP,2500,CBP,1880,CBP
TADF-M-02433,290,CBP,2230,CBP,1940,CBP
TADF-M-02434,150,CBP,2090,CBP,1940,CBP
TADF-M-00638,252,MeCN,,,,
TADF-M-00639,157,MeCN,,,,
TADF-M-00640,146,MeCN,,,,
TADF-M-02448,190,toluene,2410,toluene,2220,toluene
TADF-M-00393,140,toluene,2660,toluene,2530,toluene
TADF-M-01253,160,toluene,2510,toluene,2350,toluene
TADF-M-00655,470,toluene,3350,toluene,2880,toluene
TADF-M-00656,390,toluene,3240,toluene,2850,toluene
TADF-M-00657,260,toluene,2830,toluene,2570,toluene
TADF-M-02437,140,toluene,2890,toluene,2750,toluene
TADF-M-02438,30,toluene,3000,toluene,2970,toluene
TADF-M-00669,10,mCP,,,,
TADF-M-02440,80,zeonex,3180,zeonex,3100,zeonex
TADF-M-02441,20,zeonex,3200,zeonex,3180,zeonex
TADF-M-02442,40,zeonex,3220,zeonex,3180,zeonex
TADF-M-02443,190,zeonex,3370,zeonex,3180,zeonex
TADF-M-02444,190,zeonex,3370,zeonex,3180,zeonex
TADF-M-02455,200,toluene,2340,toluene,2140,toluene
TADF-M-02456,140,toluene,2220,toluene,2080,toluene
TADF-M-02457,230,PPF,3100,PPF,2870,PPF
TADF-M-02458,80,PPF,3000,PPF,2920,PPF
TADF-M-02459,150,PPF,2860,PPF,27100,PPF
TADF-M-00694,50,toluene,,,,
TADF-M-02450,200,zeonex,2980,zeonex,2780,zeonex
TADF-M-02451,120,neat film,3050,neat film,2830,zeonex
TADF-M-02462,340,PMMA,2560,PMMA,2220,PMMA
TADF-M-02461,260,THF,2470,THF,2280,PMMA
TADF-M-02460,20,mCBP,2240,mCBP,2280,THF
TADF-M-00718,210,toluene,,,,
TADF-M-00716,210,toluene,,,,
TADF-M-00252,240,toluene,3200,toluene,2870,toluene
TADF-M-00717,220,toluene,,,,
TADF-M-00253,170,toluene,,,2680,toluene
TADF-M-00163,54,neat film,,,,
TADF-M-00719,190,CBP,2430,TCTA,2180,CBP
TADF-M-00720,210,CBP,2450,CBP,2230,TCTA
TADF-M-00721,50,zeonex,2250,TCTA,2210,TCTA
TADF-M-00722,80,zeonex,2290,TCTA,2240,TCTA
TADF-M-00723,70,TCTA,2320,TCTA,2250,TCTA
TADF-M-02495,240,neat film,2820,neat film,2580,neat film
TADF-M-02496,50,neat film,2570,neat film,2520,neat film
TADF-M-00854,140,toluene,1810,toluene,1670,toluene
TADF-M-00855,200,toluene,1950,toluene,1750,toluene
TADF-M-00825,170,SiTrzCz2,2780,SiTrzCz2,2610,SiTrzCz2
TADF-M-00826,140,SiTrzCz2,2740,SiTrzCz2,2600,SiTrzCz2
TADF-M-00827,90,SiTrzCz2,2700,SiTrzCz2,2610,SiTrzCz2
TADF-M-00828,130,SiTrzCz2,2700,SiTrzCz2,2570,SiTrzCz2
TADF-M-02466,530,hexane,3070,hexane,2540,ethanol
TADF-M-02467,540,hexane,3240,hexane,2700,ethanol
TADF-M-02468,640,hexane,2840,hexane,2200,ethanol
TADF-M-02469,570,hexane,3050,hexane,2480,ethanol
TADF-M-02470,850,hexane,3210,hexane,2360,ethanol
TADF-M-02471,1060,hexane,3540,hexane,2480,ethanol
TADF-M-02472,400,hexane,3420,hexane,3020,ethanol
TADF-M-02473,800,hexane,3620,hexane,2820,ethanol
TADF-M-02474,360,hexane,3330,hexane,2970,ethanol
TADF-M-00724,,,2470,THF,2360,THF
TADF-M-00725,,,2480,THF,2360,THF
TADF-M-02475,200,zeonex,3280,zeonex,3080,zeonex
TADF-M-02388,90,zeonex,3170,zeonex,3080,zeonex
TADF-M-02476,240,zeonex,3000,zeonex,2760,zeonex
TADF-M-02477,180,THF,2990,THF,2810,THF
TADF-M-02478,580,THF,3680,THF,3060,THF
TADF-M-01406,130,toluene,,,,
TADF-M-01256,120,toluene,,,,
TADF-M-02479,140,toluene,,,,
TADF-M-02480,400,toluene,,,,
TADF-M-02481,310,toluene,,,,
TADF-M-02482,290,toluene,,,,
TADF-M-02483,270,toluene,,,,
TADF-M-02484,210,toluene,,,,
TADF-M-02485,190,toluene,,,,
TADF-M-02486,160,toluene,,,,
TADF-M-02487,130,toluene,,,,
TADF-M-00814,590,neat film,,,,
TADF-M-00815,180,neat film,,,,
TADF-M-00816,50,neat film,,,,
TADF-M-02489,190,toluene,2440,toluene,2250,toluene
TADF-M-00820,50,toluene,2880,toluene,2830,toluene
TADF-M-00821,40,toluene,2940,toluene,2900,toluene
TADF-M-02490,90,toluene,,,,
TADF-M-02491,190,toluene,,,,
TADF-M-00858,140,neat film,,,2110,toluene
TADF-M-00859,110,neat film,,,2320,toluene
TADF-M-00860,340,neat film,,,2330,toluene
TADF-M-00861,30,neat film,,,2500,toluene
TADF-M-00862,20,neat film,,,2740,toluene
TADF-M-00863,100,neat film,,,2410,toluene
TADF-M-00857,190,mCP,,,,
TADF-M-00874,,,3000,THF,2780,THF
TADF-M-00880,,,,,3120,toluene
TADF-M-02510,,,3480,toluene,3020,toluene
TADF-M-02511,,,3470,toluene,3040,toluene
TADF-M-00891,270,PMMA,,,2490,PMMA
TADF-M-00892,17,DOBNA-OAr,2650,toluene,2640,PMMA
TADF-M-00893,210,PMMA,,,2570,PMMA
TADF-M-00658,250,PMMA,,,2540,PMMA
TADF-M-00894,240,PMMA,,,2490,PMMA
TADF-M-00900,80,CBP,,,,
TADF-M-00901,30,CBP,,,,
TADF-M-00895,170,mCP,2480,mCP,2310,mCP
TADF-M-00898,150,toluene,,,,
TADF-M-00899,170,toluene,,,,
TADF-M-02518,60,toluene,,,,
TADF-M-02519,50,toluene,,,,
TADF-M-02520,110,toluene,,,,
TADF-M-02521,120,toluene,,,,
TADF-M-00907,60,toluene,2920,toluene,2860,toluene
TADF-M-00185,50,toluene,3060,toluene,3010,toluene
TADF-M-01018,230,toluene,3160,toluene,2930,toluene
TADF-M-01019,140,toluene,3060,toluene,2920,toluene
TADF-M-00921,130,toluene,,,,
TADF-M-00922,120,toluene,,,,
TADF-M-02529,120,zeonex,,,,
TADF-M-00927,26,TCTA,,,,
TADF-M-00928,23,TCTA,,,,
TADF-M-00929,23,mCP,2725,mCP,2702,mCP
TADF-M-00930,189,neat film,2762,neat film,2573,neat film
TADF-M-00931,166,neat film,2749,neat film,2583,neat film
TADF-M-02536,170,toluene,2920,toluene,2760,toluene
TADF-M-02537,190,toluene,2990,toluene,2800,toluene
TADF-M-00939,30,toluene,3110,toluene,3080,toluene
TADF-M-00940,210,toluene,3260,toluene,3050,toluene
TADF-M-01031,180,PMMA,,,,
TADF-M-02538,190,PMMA,,,,
TADF-M-02539,170,PMMA,,,,
TADF-M-02540,130,PMMA,,,,
TADF-M-00960,186.2,toluene,2654.9,toluene,2468.7,toluene
TADF-M-02550,64,toluene,2600,toluene,2530,toluene
TADF-M-02551,28,toluene,2340,toluene,2310,toluene
TADF-M-00964,100,toluene,,,,
TADF-M-00427,110,zeonex,,,,
TADF-M-00976,260,toluene,,,,
TADF-M-00977,370,toluene,,,,
TADF-M-02555,81,TCTA,,,,
TADF-M-02556,91,TCTA,,,,
TADF-M-02557,70,TCTA,,,,
TADF-M-02558,75,TCTA,,,,
TADF-M-00979,460,zeonex,,,,
TADF-M-00980,260,zeonex,,,,
TADF-M-00981,400,zeonex,,,,
TADF-M-00982,520,zeonex,,,,
TADF-M-00983,480,zeonex,,,,
TADF-M-00984,210,MeCN,2960,mCP,2770,mCP
TADF-M-00985,220,MeCN,2970,mCP,2730,mCP
TADF-M-00986,270,MeCN,2960,mCP,2810,mCP
TADF-M-00987,7.6,toluene,3080,toluene,3070,toluene
TADF-M-00856,410,toluene,3170,toluene,2760,toluene
TADF-M-02559,,,3430,toluene,3060,toluene
TADF-M-02560,,,3440,toluene,3070,toluene
TADF-M-00988,50,toluene,2870,toluene,2820,toluene
TADF-M-00989,120,toluene,2870,toluene,2750,toluene
TADF-M-00990,10,toluene,2820,toluene,2810,toluene
TADF-M-00991,-110,toluene,2790,toluene,2900,toluene
TADF-M-02561,50,neat film,2960,neat film,2810,neat film
TADF-M-02562,150,neat film,2860,neat film,2810,neat film
TADF-M-00992,190,CBP,,,,
TADF-M-00993,100,CBP,,,,
TADF-M-00999,140,THF,2800,THF,2660,THF
TADF-M-01000,190,PPF,3110,PPF,2920,PPF
TADF-M-01001,170,PPF,3130,PPF,2960,PPF
TADF-M-01002,180,PPF,3130,PPF,2950,PPF
TADF-M-01003,190,PPF,3160,PPF,2970,PPF
TADF-M-00198,140,ethanol,,,,
TADF-M-00199,140,mCBP,,,,
TADF-M-01030,140,toluene,,,,
TADF-M-01032,190,DOBNA-OAr,,,,
TADF-M-01046,270,PPF,,,,
TADF-M-01047,200,PPF,,,,
TADF-M-01048,200,PPF,,,,
TADF-M-01049,220,PPF,,,,
TADF-M-02563,,,3700,toluene,3060,toluene
TADF-M-02564,,,3660,toluene,3050,toluene
TADF-M-02565,,,3470,toluene,2950,toluene
TADF-M-01050,90,THF,2910,THF,2820,THF
TADF-M-01051,10,THF,2760,THF,2750,THF
TADF-M-01052,380,THF,3160,THF,2780,THF
TADF-M-02566,,,3120,THF,2550,THF
TADF-M-02567,,,3050,THF,2590,THF
TADF-M-01057,120,toluene,3080,toluene,2960,toluene
TADF-M-01058,20,toluene,3020,toluene,3000,toluene
TADF-M-01059,180,THF,2830,THF,2650,THF
TADF-M-01060,410,THF,2990,THF,2580,THF
TADF-M-01061,50,toluene,,,,
TADF-M-01062,40,toluene,,,,
TADF-M-01063,20,toluene,,,,
TADF-M-02568,35,DPEPO,2890,DPEPO,2860,DPEPO
TADF-M-02569,50,DPEPO,2950,DPEPO,2900,DPEPO
TADF-M-01064,520,THF,,,,
TADF-M-01065,400,THF,,,,
TADF-M-01066,240,THF,,,,
TADF-M-01069,130,toluene,,,,
TADF-M-01070,140,toluene,,,,
TADF-M-01071,140,toluene,,,,
TADF-M-02580,250,BCPO,2970,BCPO,2710,BCPO
TADF-M-02601,,,3460,THF,3010,THF
TADF-M-02602,,,3420,THF,2810,THF
TADF-M-02603,,,3420,THF,2770,THF
TADF-M-01193,20,CBP,,,,
TADF-M-00056,150,toluene,2940,toluene,2790,toluene
TADF-M-00054,190,toluene,2980,toluene,2790,toluene
TADF-M-00055,160,toluene,2950,toluene,2790,toluene
TADF-M-00210,130,toluene,,,2870,toluene
TADF-M-01197,95,toluene,,,2860,toluene
TADF-M-01198,78,toluene,,,2850,toluene
TADF-M-01180,60,mCP,,,2610,mCP
TADF-M-01181,110,mCP,,,2580,mCP
TADF-M-01207,80,toluene,,,,
TADF-M-00649,180,mCP,2600,mCP,2420,mCP
TADF-M-00650,190,mCP,2630,mCP,2440,mCP
TADF-M-01209,300,THF,3100,THF,2800,THF
TADF-M-01210,300,THF,3120,THF,2820,THF
TADF-M-01211,270,THF,3110,THF,2840,THF
TADF-M-01212,270,THF,3080,THF,2810,THF
TADF-M-01213,200,THF,3010,THF,2810,THF
TADF-M-01214,120,mCP,2850,mCP,2730,mCP
TADF-M-01215,90,mCP,2640,mCP,2550,mCP
TADF-M-01217,640,neat film,3100,neat film,2460,neat film
TADF-M-01218,280,neat film,2670,neat film,2360,neat film
TADF-M-01219,110,mCP,2670,mCP,2560,mCP
TADF-M-01220,220,mCP,2720,mCP,2500,mCP
TADF-M-01221,190,mCP,2670,mCP,2480,mCP
TADF-M-02605,30,neat film,,,,
TADF-M-02606,30,neat film,,,,
TADF-M-01753,280,neat film,3140,neat film,2860,neat film
TADF-M-02619,210,neat film,2850,neat film,2640,neat film
TADF-M-02620,20,mCP,2650,mCP,2630,mCP
TADF-M-02621,30,mCP,2710,mCP,2680,mCP
TADF-M-02622,60,mCP,2820,mCP,2760,mCP
TADF-M-02623,130,mCP,2870,mCP,2740,mCP
TADF-M-02624,2,mCP,2517,mCP,2515,mCP
TADF-M-02626,680,toluene,,,2440,toluene
TADF-M-02627,540,toluene,,,2440,toluene
TADF-M-02628,360,toluene,,,2440,toluene
TADF-M-02630,90,THF,,,,
TADF-M-01240,150,PMMA,,,,
TADF-M-01241,90,PMMA,,,,
TADF-M-01242,70,PMMA,,,,
TADF-M-01301,140,toluene,2550,toluene,2410,toluene
TADF-M-01251,40,toluene,,,,
TADF-M-01252,530,toluene,,,,
TADF-M-01322,50,toluene,,,,
TADF-M-02633,60,toluene,,,,
TADF-M-02634,70,toluene,,,,
TADF-M-02635,50,toluene,,,,
TADF-M-02636,20,toluene,,,,
TADF-M-02637,20,toluene,,,,
TADF-M-02642,130,toluene,3080,toluene,2950,toluene
TADF-M-02643,60,toluene,3010,toluene,2950,toluene
TADF-M-02644,20,toluene,2950,toluene,2930,toluene
TADF-M-00493,320,DPEPO,3010,toluene,2580,toluene
TADF-M-01079,,,2910,toluene,2530,toluene
TADF-M-01080,70,toluene,,,,
TADF-M-01081,120,toluene,,,,
TADF-M-01082,90,toluene,,,,
TADF-M-01083,100,toluene,,,,
TADF-M-01084,200,toluene,2170,toluene,1970,toluene
TADF-M-00214,,,3260,toluene,,
TADF-M-01090,,,3220,toluene,,
TADF-M-01091,,,3350,toluene,,
TADF-M-00212,370,toluene,3280,toluene,,
TADF-M-01092,,,3280,toluene,,
TADF-M-01093,80,toluene,2710,toluene,2630,toluene
TADF-M-01094,70,toluene,2660,toluene,2590,toluene
TADF-M-01095,170,toluene,2830,toluene,2660,toluene
TADF-M-01096,180,toluene,2850,toluene,2670,toluene
TADF-M-01099,70,toluene,,,,
TADF-M-01101,,,3080,toluene,1950,toluene
TADF-M-01102,,,3060,toluene,1960,toluene
TADF-M-01103,,,3180,toluene,2880,toluene
TADF-M-00753,60,neat film,,,,
TADF-M-00754,90,neat film,,,,
TADF-M-02586,20,toluene,,,,
TADF-M-02587,30,toluene,,,,
TADF-M-02588,40,toluene,,,,
TADF-M-01109,90,toluene,,,,
TADF-M-02157,100,toluene,2900,toluene,2800,toluene
TADF-M-02592,110,toluene,2940,toluene,2830,toluene
TADF-M-02593,80,toluene,2900,toluene,2820,toluene
TADF-M-01383,160,THF,,,,
TADF-M-01297,170,THF,,,,
TADF-M-01110,90,toluene,,,,
TADF-M-01111,30,toluene,,,,
TADF-M-01112,50,toluene,,,,
TADF-M-01113,70,toluene,,,,
TADF-M-01114,120,toluene,,,,
TADF-M-01115,30,CBP,,,,
TADF-M-01116,80,CBP,,,,
TADF-M-01134,165,neat film,2793,neat film,,
TADF-M-01135,68,neat film,2579,neat film,,
TADF-M-01136,71,neat film,2176,neat film,,
TADF-M-01187,260,toluene,2520,toluene,2260,toluene
TADF-M-01188,250,toluene,2320,toluene,2070,toluene
TADF-M-01189,240,toluene,2770,toluene,2530,toluene
TADF-M-01190,270,toluene,2760,toluene,2490,toluene
TADF-M-02597,120,PPF,,,,
TADF-M-02598,170,PPF,,,,
TADF-M-01366,130,toluene,,,,
TADF-M-01588,100,neat film,,,,
TADF-M-01589,70,neat film,,,,
TADF-M-01590,50,neat film,,,,
TADF-M-01591,70,neat film,,,,
TADF-M-01592,60,neat film,,,,
TADF-M-01593,40,neat film,,,,
TADF-M-02660,700,PMMA,3250,PMMA,2550,PMMA
TADF-M-02661,590,PMMA,3150,PMMA,2560,PMMA
TADF-M-02662,440,PMMA,2870,PMMA,2430,PMMA
TADF-M-02663,280,toluene,2080,toluene,1800,toluene
TADF-M-02664,190,toluene,1930,toluene,1740,toluene
TADF-M-02645,330,neat film,2990,neat film,2660,neat film
TADF-M-02646,50,neat film,2680,neat film,2630,neat film
TADF-M-01368,10,toluene,2790,toluene,2780,toluene
TADF-M-01369,230,toluene,2910,toluene,2680,THF
TADF-M-01370,90,toluene,2920,toluene,2830,THF
TADF-M-01371,270,toluene,2950,toluene,2680,THF
TADF-M-01372,200,toluene,3110,toluene,2910,toluene
TADF-M-01373,180,PMMA,,,,
TADF-M-01374,210,CH2Cl2,,,,
TADF-M-01375,140,CH2Cl2,,,,
TADF-M-01376,210,CH2Cl2,,,,
TADF-M-01377,170,toluene,,,,
TADF-M-01378,150,toluene,,,,
TADF-M-01016,60,PMMA,,,,
TADF-M-00937,20,toluene,,,,
TADF-M-00938,134,toluene,,,,
TADF-M-01379,140,toluene,,,,
TADF-M-01380,110,CH2Cl2,,,,
TADF-M-01381,-100,toluene,,,,
TADF-M-01382,150,toluene,,,,
TADF-M-01384,170,THF,,,,
TADF-M-01385,160,toluene,,,,
TADF-M-01386,140,toluene,,,,
TADF-M-01387,140,toluene,,,,
TADF-M-01388,180,toluene,,,,
TADF-M-01295,170,toluene,,,,
TADF-M-01389,160,toluene,,,,
TADF-M-01390,140,toluene,,,,
TADF-M-01391,120,toluene,,,,
TADF-M-01392,140,toluene,,,,
TADF-M-01341,170,toluene,,,,
TADF-M-01393,110,toluene,,,,
TADF-M-01394,160,toluene,,,,
TADF-M-01395,130,toluene,,,,
TADF-M-01396,190,toluene,,,,
TADF-M-01397,130,toluene,,,,
TADF-M-01335,150,toluene,,,,
TADF-M-01336,110,toluene,,,,
TADF-M-01398,120,toluene,,,,
TADF-M-01399,140,toluene,,,,
TADF-M-01400,100,toluene,,,,
TADF-M-01401,130,toluene,,,,
TADF-M-01402,150,toluene,,,,
TADF-M-01403,210,toluene,2860,toluene,2800,toluene
TADF-M-01404,190,toluene,,,,
TADF-M-01254,80,toluene,,,,
TADF-M-01255,110,toluene,,,,
TADF-M-01405,120,toluene,,,,
TADF-M-01257,90,toluene,,,,
TADF-M-01258,150,toluene,,,,
TADF-M-01259,140,toluene,,,,
TADF-M-01343,140,toluene,,,,
TADF-M-01407,140,toluene,,,,
TADF-M-01408,140,toluene,,,,
TADF-M-01409,130,toluene,2680,toluene,2550,toluene
TADF-M-01410,110,toluene,2720,toluene,2610,toluene
TADF-M-01411,140,toluene,,,,
TADF-M-01412,30,toluene,,,,
TADF-M-01413,140,toluene,,,,
TADF-M-01414,90,toluene,,,,
TADF-M-01415,180,toluene,,,,
TADF-M-01416,80,toluene,,,,
TADF-M-01417,150,toluene,,,,
TADF-M-01418,150,toluene,,,,
TADF-M-01419,120,toluene,,,,
TADF-M-01420,180,toluene,,,,
TADF-M-01421,140,toluene,,,,
TADF-M-00850,140,toluene,,,,
TADF-M-01422,140,toluene,,,,
TADF-M-01423,90,toluene,,,,
TADF-M-01424,130,toluene,,,,
TADF-M-01425,110,toluene,,,,
TADF-M-01427,60,toluene,,,,
TADF-M-01428,10,toluene,,,,
TADF-M-01429,250,toluene,,,,
TADF-M-01432,230,toluene,,,,
TADF-M-01433,190,toluene,,,,
TADF-M-01434,90,toluene,2610,toluene,2520,toluene
TADF-M-01435,130,toluene,,,,
TADF-M-01436,90,toluene,,,,
TADF-M-01437,110,THF,,,,
TADF-M-01438,80,toluene,,,,
TADF-M-01439,80,toluene,,,,
TADF-M-01440,60,toluene,,,,
TADF-M-01441,40,PS,,,,
TADF-M-01442,40,PS,,,,
TADF-M-01443,100,toluene,,,,
TADF-M-01332,180,toluene,,,,
TADF-M-01331,150,toluene,,,,
TADF-M-01333,110,toluene,,,,
TADF-M-01444,140,toluene,2740,THF,2600,THF
TADF-M-01027,120,CH2Cl2,,,,
TADF-M-01448,310,CH2Cl2,,,,
TADF-M-01449,190,CH2Cl2,,,,
TADF-M-01450,150,PMMA,,,,
TADF-M-01445,200,toluene,,,,
TADF-M-01446,160,toluene,,,,
TADF-M-01447,150,toluene,,,,
TADF-M-01451,140,PMMA,,,,
TADF-M-01452,110,PMMA,,,,
TADF-M-01453,200,toluene,,,,
TADF-M-01454,120,toluene,,,,
TADF-M-01455,190,toluene,,,,
TADF-M-01456,170,PMMA,,,,
TADF-M-01458,80,mCP,,,,
TADF-M-01459,120,toluene,,,,
TADF-M-01460,110,toluene,,,,
TADF-M-01463,50,DBFPO,,,,
TADF-M-01466,200,toluene,,,,
TADF-M-01467,200,toluene,,,,
TADF-M-01355,150,toluene,,,,
TADF-M-01356,160,toluene,,,,
TADF-M-01469,170,toluene,,,,
TADF-M-01470,150,toluene,,,,
TADF-M-01471,150,toluene,,,,
TADF-M-01472,170,toluene,,,,
TADF-M-01473,140,toluene,,,,
TADF-M-01474,170,toluene,,,,
TADF-M-01475,150,toluene,,,,
TADF-M-00950,160,toluene,,,,
TADF-M-01477,240,toluene,,,,
TADF-M-01478,250,toluene,,,,
TADF-M-01479,120,toluene,,,,
TADF-M-01480,60,PMMA,,,,
TADF-M-01481,210,toluene,,,,
TADF-M-01482,50,toluene,,,,
TADF-M-01483,60,toluene,,,,
TADF-M-01484,100,toluene,,,,
TADF-M-01485,29,PMMA,,,,
TADF-M-00913,40,toluene,2780,toluene,2740,toluene
TADF-M-01486,70,toluene,,,,
TADF-M-01487,50,toluene,,,,
TADF-M-01488,70,toluene,,,,
TADF-M-01489,10,toluene,,,,
TADF-M-01457,40,toluene,,,,
TADF-M-01490,40,toluene,,,,
TADF-M-01491,40,toluene,,,,
TADF-M-01492,8.5,PMMA,,,,
TADF-M-01493,6,PMMA,,,,
TADF-M-01494,4.9,PMMA,,,,
TADF-M-01495,12,PS,,,,
TADF-M-01496,21,PS,,,,
TADF-M-01497,3.9,PS,,,,
TADF-M-01498,19,PS,,,,
TADF-M-01499,150,toluene,,,,
TADF-M-01500,100,toluene,,,,
TADF-M-01501,430,toluene,,,,
TADF-M-01502,400,toluene,,,,
TADF-M-01503,280,toluene,,,,
TADF-M-01504,170,mCBP,,,,
TADF-M-01506,310,THF,3120,THF,2810,THF
TADF-M-01507,240,THF,,,,
TADF-M-01508,40,toluene,,,,
TADF-M-01511,110,DPEPO,,,,
TADF-M-01512,60,DPEPO,,,,
TADF-M-01513,80,DPEPO,,,,
TADF-M-01514,10,toluene,,,,
TADF-M-01515,20,toluene,,,,
TADF-M-01516,200,toluene,,,,
TADF-M-01517,10,toluene,,,,
TADF-M-01518,70,DPEPO,,,,
TADF-M-01519,10,toluene,,,,
TADF-M-01520,10,toluene,2770,toluene,2760,toluene
TADF-M-01521,10,toluene,2640,toluene,2630,toluene
TADF-M-01522,50,TCTA,,,,
TADF-M-01523,60,TCTA,,,,
TADF-M-01524,400,neat film,,,,
TADF-M-01525,260,toluene,,,,
TADF-M-01526,150,toluene,,,,
TADF-M-01054,280,toluene,,,,
TADF-M-01055,240,toluene,,,,
TADF-M-01527,130,toluene,,,,
TADF-M-01528,200,toluene,,,,
TADF-M-01529,290,toluene,,,,
TADF-M-01530,260,toluene,3020,neat film,2770,neat film
TADF-M-01531,210,toluene,,,,
TADF-M-01532,220,toluene,,,,
TADF-M-01533,90,neat film,,,,
TADF-M-01534,60,neat film,,,,
TADF-M-01535,10,neat film,,,,
TADF-M-01536,290,neat film,,,,
TADF-M-01549,180,toluene,,,,
TADF-M-01550,110,toluene,,,,
TADF-M-01551,110,toluene,,,,
TADF-M-01552,150,toluene,,,,
TADF-M-01553,140,toluene,,,,
TADF-M-01554,140,toluene,,,,
TADF-M-01555,170,toluene,,,,
TADF-M-01542,150,toluene,,,,
TADF-M-01543,140,toluene,,,,
TADF-M-01544,160,toluene,,,,
TADF-M-01545,160,toluene,,,,
TADF-M-01558,170,toluene,2460,toluene,2290,toluene
TADF-M-01559,130,toluene,2420,toluene,2290,toluene
TADF-M-01561,180,toluene,,,,
TADF-M-01562,100,PMMA,,,,
TADF-M-01566,140,toluene,,,,
TADF-M-01567,140,toluene,,,,
TADF-M-01574,370,neat film,3080,neat film,2710,neat film
TADF-M-01575,140,neat film,2740,neat film,2600,neat film
TADF-M-01576,400,neat film,2910,neat film,2520,neat film
TADF-M-01163,120,toluene,2840,neat film,2720,neat film
TADF-M-01164,115,toluene,2840,neat film,2740,neat film
TADF-M-01165,80,toluene,2800,toluene,2720,toluene
TADF-M-01166,90,toluene,2820,toluene,2730,toluene
TADF-M-01167,110,toluene,2650,toluene,2540,toluene
TADF-M-01581,60,PPF,,,,
TADF-M-01582,270,PPF,,,,
TADF-M-02653,80,neat film,,,,
TADF-M-02654,60,neat film,,,,
TADF-M-02655,110,neat film,,,,
TADF-M-00196,110,neat film,,,,
TADF-M-01043,300,PPF,3100,PPF,2800,PPF
TADF-M-01044,120,PPF,2810,PPF,2690,PPF
TADF-M-01045,60,PPF,3020,PPF,2960,PPF
TADF-M-02656,1250,toluene,4000,toluene,2750,toluene
TADF-M-02657,1220,toluene,3960,toluene,2740,toluene
TADF-M-02658,1190,toluene,3970,toluene,2790,toluene
TADF-M-02659,620,toluene,3230,toluene,2610,toluene
TADF-M-01586,180,THF,2570,THF,2380,THF
TADF-M-01587,160,THF,2520,THF,2360,THF
TADF-M-00262,121,toluene,,,,
TADF-M-00261,47,toluene,,,,
TADF-M-02665,400,THF,3080,THF,2680,THF
TADF-M-02666,310,THF,2950,THF,2640,THF
TADF-M-02667,280,THF,2910,THF,2630,THF
TADF-M-02668,260,THF,2930,THF,2670,THF
TADF-M-02669,220,THF,2870,THF,2650,THF
TADF-M-01598,150,mCBP,2780,mCBP,2630,mCBP
TADF-M-01599,160,mCBP,2760,mCBP,2600,mCBP
TADF-M-02671,290,toluene,2800,toluene,2510,toluene
TADF-M-02672,310,toluene,2760,toluene,2450,toluene
TADF-M-02673,200,DPEPO,3110,DPEPO,2910,DPEPO
TADF-M-01979,200,DPEPO,3020,DPEPO,2820,DPEPO
TADF-M-01978,190,DPEPO,3050,DPEPO,2860,DPEPO
TADF-M-01980,100,DPEPO,2980,DPEPO,2880,DPEPO
TADF-M-01604,170,mCP,2780,mCP,2610,mCP
TADF-M-01608,60,mCP,2690,mCP,2630,mCP
TADF-M-01610,140,zeonex,,,,
TADF-M-01611,300,zeonex,,,,
TADF-M-00648,230,zeonex,,,,
TADF-M-01614,40,CBP,,,,
TADF-M-01615,80,CBP,,,,
TADF-M-01616,130,CBP,,,,
TADF-M-01617,200,CBP,,,,
TADF-M-01618,90,CBP,,,,
TADF-M-01628,260,toluene,,,,
TADF-M-01629,210,toluene,,,,
TADF-M-02675,50,DPEPO,3830,DPEPO,-1540,DPEPO
TADF-M-02676,30,DPEPO,3840,DPEPO,-1560,DPEPO
TADF-M-02677,40,DPEPO,3850,DPEPO,-1590,DPEPO
TADF-M-01632,70,toluene,2990,toluene,2920,toluene
TADF-M-01633,120,toluene,3040,toluene,2920,toluene
TADF-M-02689,160,PMMA,2750,PMMA,2580,PMMA
TADF-M-01645,350,toluene,2460,toluene,2110,toluene
TADF-M-00841,110,toluene,2230,toluene,2120,toluene
TADF-M-01646,,,2120,toluene,,
TADF-M-02690,180,toluene,,,2520,toluene
TADF-M-02691,230,toluene,,,2560,toluene
TADF-M-01666,330,THF,3130,THF,2800,THF
TADF-M-01667,150,THF,2930,THF,2780,THF
TADF-M-02698,290,toluene,2770,CH2Cl2,2740,toluene
TADF-M-02699,70,toluene,2130,CH2Cl2,2290,CH2Cl2
TADF-M-02700,350,toluene,2250,CH2Cl2,2250,CH2Cl2
TADF-M-01672,60,DPEPO,2760,DPEPO,2700,DPEPO
TADF-M-01673,30,DPEPO,2700,DPEPO,2670,DPEPO
TADF-M-02701,570,neat film,2850,neat film,3370,neat film
TADF-M-01674,420,zeonex,2960,zeonex,2540,zeonex
TADF-M-01675,460,zeonex,3020,zeonex,2560,zeonex
TADF-M-01676,100,mCBP,,,,
TADF-M-01677,100,mCBP,,,,
TADF-M-01678,45,mCBP,,,,
TADF-M-01682,300,zeonex,2850,zeonex,2550,zeonex
TADF-M-01683,370,zeonex,2830,zeonex,2460,zeonex
TADF-M-01684,490,zeonex,2830,zeonex,2340,zeonex
TADF-M-00052,260,PPF,3090,PPF,2830,PPF
TADF-M-00053,240,PPF,3010,PPF,2770,PPF
TADF-M-01685,200,THF,2900,THF,2700,THF
TADF-M-01686,190,THF,2820,THF,2630,THF
TADF-M-01687,,,,,3030,THF
TADF-M-01688,,,,,3030,THF
TADF-M-01689,,,,,2940,THF
TADF-M-00046,250,PPF,3070,PPF,2820,PPF
TADF-M-00048,250,PPF,3100,PPF,2850,PPF
TADF-M-00045,260,PPF,3060,PPF,2800,PPF
TADF-M-00047,290,PPF,3090,PPF,2800,PPF
TADF-M-00044,300,PPF,3100,PPF,2800,PPF
TADF-M-01690,,,2672,neat film,2620,neat film
TADF-M-00774,,,2605,neat film,2536,neat film
TADF-M-01691,280,THF,3040,THF,2760,THF
TADF-M-01692,180,THF,2880,THF,2700,THF
TADF-M-02702,150,THF,2770,THF,2620,THF
TADF-M-02703,160,THF,2740,THF,2580,THF
TADF-M-01693,80,THF,,,,
TADF-M-00092,80,THF,,,,
TADF-M-02705,240,neat film,3060,neat film,2780,neat film
TADF-M-02706,210,neat film,2990,neat film,2780,neat film
TADF-M-02707,200,neat film,2910,neat film,2710,neat film
TADF-M-02708,280,neat film,3010,neat film,2730,neat film
TADF-M-02709,240,neat film,2960,neat film,2720,neat film
TADF-M-02719,290,neat film,3220,neat film,2930,neat film
TADF-M-02720,240,neat film,3160,neat film,2920,neat film
TADF-M-02721,110,neat film,3050,neat film,2940,neat film
TADF-M-01695,510,zeonex,2920,zeonex,2410,zeonex
TADF-M-01696,520,zeonex,2930,zeonex,2410,zeonex
TADF-M-01697,490,zeonex,2880,zeonex,2390,zeonex
TADF-M-01698,510,zeonex,2910,zeonex,2400,zeonex
TADF-M-01699,280,zeonex,2870,zeonex,2590,zeonex
TADF-M-01700,140,zeonex,2690,zeonex,2550,zeonex
TADF-M-01701,120,zeonex,2630,zeonex,2510,zeonex
TADF-M-00136,140,zeonex,2580,zeonex,2440,zeonex
TADF-M-02722,70,CzSi,2710,CzSi,2640,CzSi
TADF-M-02723,200,CzSi,2940,CzSi,2740,CzSi
TADF-M-01702,-40,neat film,2530,neat film,2570,neat film
TADF-M-01703,20,neat film,2550,neat film,2530,neat film
TADF-M-02724,70,neat film,2440,neat film,2370,neat film
TADF-M-02725,10,neat film,2240,neat film,2230,neat film
TADF-M-02726,20,neat film,2280,neat film,2260,neat film
TADF-M-02727,10,neat film,2240,neat film,2230,neat film
TADF-M-01704,30,toluene,2960,toluene,2930,toluene
TADF-M-01705,10,toluene,2910,toluene,2900,toluene
TADF-M-01706,140,DPEPO,2860,DPEPO,2720,DPEPO
TADF-M-01707,120,DPEPO,2820,DPEPO,2700,DPEPO
TADF-M-01708,170,DPEPO,2930,DPEPO,2760,DPEPO
TADF-M-02732,,,,,2860,THF
TADF-M-02733,,,,,2560,THF
TADF-M-02734,,,,,2830,THF
TADF-M-02735,,,,,2780,THF
TADF-M-02736,,,,,2880,THF
TADF-M-02747,90,toluene,,,,
TADF-M-02748,90,toluene,,,,
TADF-M-01744,32.29,PhCzBCz,,,,
TADF-M-01747,24.58,PhCzBCz,,,,
TADF-M-01748,22.16,PhCzBCz,,,,
TADF-M-01749,260,toluene,2140,toluene,1880,toluene
TADF-M-01750,,,3050,neat film,,
TADF-M-02364,220,PPT,3140,PPT,2920,PPT
TADF-M-02365,210,PPT,3020,PPT,2810,PPT
TADF-M-02749,90,toluene,2880,toluene,2790,toluene
TADF-M-02750,180,toluene,3040,toluene,2860,toluene
TADF-M-02751,250,toluene,3120,toluene,2870,toluene
TADF-M-02752,220,toluene,3110,toluene,2890,toluene
TADF-M-02753,,,3420,toluene,2880,toluene
TADF-M-02754,,,3270,toluene,2830,toluene
TADF-M-02755,,,3320,toluene,2820,toluene
TADF-M-02759,,,3150,toluene,2910,toluene
TADF-M-02760,,,3470,toluene,2850,toluene
TADF-M-02761,,,3840,toluene,3280,toluene
TADF-M-02762,20,toluene,2560,toluene,2540,toluene
TADF-M-00392,150,toluene,2700,toluene,2550,toluene
TADF-M-01340,210,PMMA,,,,
TADF-M-00066,,,,,-6010,neat film
TADF-M-00134,10,toluene,,,,
TADF-M-01780,180,PMMA,,,,
TADF-M-01781,190,PMMA,,,,
TADF-M-01782,160,DPEPO,2890,DPEPO,,
TADF-M-01804,60,neat film,,,,
TADF-M-01805,100,neat film,,,,
TADF-M-01806,40,neat film,,,,
TADF-M-02772,10,neat film,2740,neat film,2730,neat film
TADF-M-02773,60,neat film,2810,neat film,2750,neat film
TADF-M-02774,30,neat film,2740,neat film,2710,neat film
TADF-M-00482,42,toluene,2561,toluene,,
TADF-M-01811,36,toluene,2524,toluene,,
TADF-M-01812,29,toluene,2508,toluene,,
TADF-M-01816,,,3250,DPEPO,2920,DPEPO
TADF-M-01817,,,3350,DPEPO,2920,DPEPO
TADF-M-01820,,,3130,mCP,2880,mCP
TADF-M-01821,,,3120,mCP,2940,mCP
TADF-M-02787,20,CBP,2330,CBP,2310,CBP
TADF-M-02788,10,CBP,2320,CBP,2310,CBP
TADF-M-02789,10,CBP,2260,CBP,2250,CBP
TADF-M-02790,10,CBP,2320,CBP,2310,CBP
TADF-M-02791,320,CBP,2500,CBP,2330,PPT
TADF-M-02792,150,CBP,2330,CBP,2230,THF
TADF-M-02793,60,CBP,2230,CBP,2170,CBP
TADF-M-01825,200,THF,2450,THF,2250,THF
TADF-M-01826,0,THF,2120,THF,2120,THF
TADF-M-01827,230,THF,2560,THF,2330,THF
TADF-M-01828,10,THF,2340,THF,2330,THF
TADF-M-02778,320,THF,2420,THF,2100,THF
TADF-M-02799,190,toluene,3070,toluene,2870,toluene
TADF-M-00264,50,toluene,,,,
TADF-M-02794,20,zeonex,,,,
TADF-M-02795,11,zeonex,,,,
TADF-M-02796,21,zeonex,,,,
TADF-M-01843,40,toluene,2280,toluene,,
TADF-M-01851,34,neat film,,,,
TADF-M-01884,340,toluene,,,,
TADF-M-01885,400,toluene,,,,
TADF-M-01886,340,toluene,,,,
TADF-M-01887,320,toluene,,,,
TADF-M-01888,220,toluene,,,,
TADF-M-00594,10,THF,2160,THF,2150,THF
TADF-M-01858,10,THF,2150,THF,2140,THF
TADF-M-01859,100,THF,2320,THF,2220,THF
TADF-M-02800,80,mCP,2920,mCP,2840,mCP
TADF-M-01873,70,mCP,2640,mCP,2570,mCP
TADF-M-02801,50,mCP,2810,mCP,2760,mCP
TADF-M-01872,90,neat film,2780,neat film,2690,neat film
TADF-M-01874,40,neat film,2630,neat film,2590,neat film
TADF-M-01892,310,neat film,,,,
TADF-M-01893,290,neat film,,,,
TADF-M-01894,550,neat film,,,,
TADF-M-02802,20,hexane,2550,hexane,2530,hexane
TADF-M-02803,70,hexane,2600,hexane,2530,hexane
TADF-M-01903,110,CBP,2350,CBP,2240,CBP
TADF-M-01904,150,CBP,2380,CBP,2230,CBP
TADF-M-01897,180,mCP,,,,
TADF-M-01901,210,toluene,2290,toluene,2080,toluene
TADF-M-01902,250,toluene,2350,toluene,2100,toluene
TADF-M-00460,,,4080,THF,2950,THF
TADF-M-01907,,,4180,THF,3180,THF
TADF-M-01908,,,3870,THF,3100,THF
TADF-M-01925,-140,THF,,,,
TADF-M-01926,-120,THF,,,,
TADF-M-01927,50,THF,,,,
TADF-M-01928,-90,THF,,,,
TADF-M-00166,16.8,mCP,,,,
TADF-M-01938,-138,THF,2950,PPF,3000,THF
TADF-M-01939,320,THF,,,,
TADF-M-01940,50,THF,,,,
TADF-M-02811,260,zeonex,2740,zeonex,2480,zeonex
TADF-M-02812,240,zeonex,2510,zeonex,2270,zeonex
TADF-M-02813,220,zeonex,2880,zeonex,2660,zeonex
TADF-M-02814,240,zeonex,2810,zeonex,2570,zeonex
TADF-M-02815,320,zeonex,2900,zeonex,2580,zeonex
TADF-M-02816,300,zeonex,2710,zeonex,2400,zeonex
TADF-M-02817,350,zeonex,3090,zeonex,2740,zeonex
TADF-M-02818,350,zeonex,3060,zeonex,2710,zeonex
TADF-M-02819,270,zeonex,2790,zeonex,2520,zeonex
TADF-M-02820,200,zeonex,2730,zeonex,2530,zeonex
TADF-M-00434,,,3550,neat film,2630,neat film
TADF-M-02821,,,2990,neat film,2600,neat film
TADF-M-01943,330,toluene,,,,
TADF-M-01944,280,toluene,,,,
TADF-M-01786,200,toluene,,,,
TADF-M-01945,40,toluene,,,,
TADF-M-01946,20,toluene,,,,
TADF-M-00684,380,PLA,3140,PLA,2760,PLA
TADF-M-00685,570,PLA,3200,PLA,2630,PLA
TADF-M-00682,450,PLA,3170,PLA,2720,PLA
TADF-M-00683,50,CBP,2700,CBP,2650,CBP
TADF-M-01947,90,toluene,2570,toluene,2480,toluene
TADF-M-01950,60,toluene,,,,
TADF-M-01951,100,toluene,,,,
TADF-M-02823,240,toluene,2180,toluene,1940,toluene
TADF-M-02824,290,toluene,2390,toluene,2100,toluene
TADF-M-01957,50,mCP,,,,
TADF-M-01958,260,toluene,2210,toluene,,
TADF-M-01959,280,toluene,2210,toluene,,
TADF-M-01960,,,3000,neat film,2980,neat film
TADF-M-01961,,,3000,neat film,2980,neat film
TADF-M-02825,,,2670,toluene,2200,toluene
TADF-M-02826,,,2490,toluene,2250,toluene
TADF-M-00662,80,neat film,,,,
TADF-M-02827,,,2427,CH2Cl2,2190,toluene
TADF-M-02828,,,2434,CH2Cl2,2320,toluene
TADF-M-02830,,,3140,neat film,2700,neat film
TADF-M-02831,,,3010,neat film,2830,neat film
TADF-M-02832,,,2970,neat film,2550,neat film
TADF-M-01962,160,toluene,2340,toluene,2180,toluene
TADF-M-01963,80,toluene,2280,toluene,2200,toluene
TADF-M-02840,20,hexane,2550,hexane,2530,hexane
TADF-M-02834,460,neat film,2880,neat film,2420,neat film
TADF-M-02835,510,neat film,3100,neat film,2590,neat film
TADF-M-02836,470,neat film,2820,neat film,2350,neat film
TADF-M-02837,600,neat film,2830,neat film,2230,neat film
TADF-M-02838,350,neat film,2560,neat film,2210,neat film
TADF-M-02839,440,neat film,2670,neat film,2230,neat film
TADF-M-01964,150,TPBi,,,,
TADF-M-01965,80,TPBi,,,,
TADF-M-02845,390,toluene,2900,toluene,2510,toluene
TADF-M-02846,380,toluene,2880,toluene,2500,toluene
TADF-M-02847,360,THF,,,,
TADF-M-02848,430,THF,,,,
TADF-M-02849,810,toluene,3630,toluene,2820,toluene
TADF-M-02850,640,toluene,3320,toluene,2680,toluene
TADF-M-01968,210,PS,,,,
TADF-M-01969,130,PS,,,,
TADF-M-02853,52,PMMA,1090,PMMA,1090,PMMA
TADF-M-02854,69,PMMA,1130,PMMA,1130,PMMA
TADF-M-02855,45,PMMA,1310,PMMA,1310,PMMA
TADF-M-02856,337,PMMA,1540,PMMA,1540,PMMA
TADF-M-01970,160,THF,,,,
TADF-M-01972,20,toluene,2920,toluene,2900,toluene
TADF-M-01973,160,toluene,3050,toluene,2890,toluene
TADF-M-01974,220,toluene,3140,toluene,2920,toluene
TADF-M-02861,250,toluene,2100,toluene,1850,toluene
TADF-M-02862,230,toluene,2080,toluene,1850,toluene
TADF-M-02863,230,toluene,2050,toluene,1820,toluene
TADF-M-01975,170,toluene,2880,toluene,2710,toluene
TADF-M-01976,170,toluene,2880,toluene,2710,toluene
TADF-M-00673,,,,,2670,zeonex
TADF-M-02864,,,,,2750,zeonex
TADF-M-00762,140,THF,2520,THF,2380,THF
TADF-M-00763,180,THF,2540,THF,2360,THF
TADF-M-00764,30,THF,2440,THF,2410,THF
TADF-M-01984,,,2800,TCTA,2770,TCTA
TADF-M-00765,250,neat film,2700,neat film,2450,neat film
TADF-M-01987,180,neat film,2630,neat film,2440,neat film
TADF-M-01988,460,neat film,2750,neat film,2340,neat film
TADF-M-01989,210,neat film,2610,neat film,2390,neat film
TADF-M-01990,460,neat film,2700,neat film,2300,neat film
TADF-M-02865,390,THF,3310,THF,2920,THF
TADF-M-02866,470,THF,3140,THF,2670,THF
TADF-M-02867,120,THF,3000,THF,2880,THF
TADF-M-01995,590,CHCl3,,,,
TADF-M-01996,220,CHCl3,,,,
TADF-M-01997,460,CHCl3,,,,
TADF-M-01998,470,CHCl3,,,,
TADF-M-01999,640,CHCl3,,,,
TADF-M-02000,380,CHCl3,,,,
TADF-M-02009,380,zeonex,2980,zeonex,2600,zeonex
TADF-M-02010,280,zeonex,2880,zeonex,2600,zeonex
TADF-M-02011,250,zeonex,3070,zeonex,2820,zeonex
TADF-M-02012,120,zeonex,3050,zeonex,2930,zeonex
TADF-M-02013,130,zeonex,2710,zeonex,2580,zeonex
TADF-M-02014,390,zeonex,2970,zeonex,2580,zeonex
TADF-M-02015,,,,,2710,toluene
TADF-M-02016,,,,,2710,toluene
TADF-M-02017,,,,,2710,toluene
TADF-M-00634,40,CBP,2540,CBP,2500,CBP
TADF-M-02018,70,CBP,2680,CBP,2610,CBP
TADF-M-02019,110,CBP,2640,CBP,2530,CBP
TADF-M-02020,160,CBP,2820,CBP,2660,CBP
TADF-M-00647,200,mCP,2750,mCP,2550,mCP
TADF-M-02021,100,mCP,2630,mCP,2530,mCP
TADF-M-02022,80,mCP,2640,mCP,2560,mCP
TADF-M-02023,40,mCP,2570,mCP,2610,mCP
TADF-M-02024,160,mCP,2410,mCP,2250,mCP
TADF-M-02025,10,mCP,2390,mCP,2380,mCP
TADF-M-02026,10,mCP,2330,mCP,2320,mCP
TADF-M-02868,60,neat film,2770,neat film,2710,neat film
TADF-M-02869,30,neat film,2670,neat film,2640,neat film
TADF-M-02870,20,neat film,2520,neat film,2500,neat film
TADF-M-02027,110,neat film,3090,neat film,2980,neat film
TADF-M-02028,420,neat film,3300,neat film,2880,neat film
TADF-M-02874,180,mCP,2580,mCP,2400,mCP
TADF-M-01871,190,mCP,2640,mCP,2450,mCP
TADF-M-02031,160,mCP,2360,mCP,2200,mCP
TADF-M-02875,120,toluene,2350,toluene,2230,toluene
TADF-M-02876,150,toluene,2320,toluene,2170,toluene
TADF-M-02878,120,"2,6-DCzPPy",2690,"2,6-DCzPPy",2570,"2,6-DCzPPy"
TADF-M-02038,30,toluene,3040,toluene,3010,toluene
TADF-M-02037,70,toluene,3090,toluene,3020,toluene
TADF-M-02882,470,neat film,3420,neat film,2950,neat film
TADF-M-00327,710,neat film,3560,neat film,2850,neat film
TADF-M-02879,80,CBP,2550,CBP,2470,CBP
TADF-M-02880,30,CBP,2520,CBP,2490,CBP
TADF-M-02881,130,THF,2940,THF,2810,THF
TADF-M-01605,110,THF,2770,THF,2660,THF
TADF-M-02033,30,toluene,,,,
TADF-M-02034,50,toluene,,,,
TADF-M-02035,30,toluene,,,,
TADF-M-01269,100,toluene,,,,
TADF-M-01270,90,toluene,,,,
TADF-M-02036,110,toluene,,,,
TADF-M-02039,830,THF,3890,THF,3060,THF
TADF-M-02040,620,THF,3660,THF,3040,THF
TADF-M-02041,470,THF,3510,THF,3040,THF
TADF-M-02042,410,THF,3450,THF,3040,THF
TADF-M-02043,460,THF,3500,THF,3040,THF
TADF-M-02044,220,toluene,2540,toluene,2320,toluene
TADF-M-02047,100,neat film,,,,
TADF-M-02048,30,neat film,,,,
TADF-M-02051,130,toluene,,,,
TADF-M-02049,130,toluene,,,,
TADF-M-02052,140,toluene,,,,
TADF-M-02053,150,toluene,,,,
TADF-M-02883,16,toluene,,,,
TADF-M-02890,130,toluene,2570,toluene,2440,toluene
TADF-M-02065,29,PPF,,,,
TADF-M-02066,55,PPF,,,,
TADF-M-02067,18,PPF,,,,
TADF-M-02085,160,toluene,2740,toluene,2570,toluene
TADF-M-02086,160,toluene,2670,toluene,2510,toluene
TADF-M-02087,130,toluene,2570,toluene,2440,toluene
TADF-M-02891,200,toluene,,,,
TADF-M-02892,170,toluene,,,,
TADF-M-02895,150,toluene,2610,toluene,2460,toluene
TADF-M-02896,170,toluene,2640,toluene,2470,toluene
TADF-M-02897,140,toluene,2480,toluene,2370,toluene
TADF-M-02898,460,mCP,2970,mCP,2510,mCP
TADF-M-02899,320,mCBP,2860,mCBP,2540,mCBP
TADF-M-02900,100,TCTA,2580,TCTA,2480,TCTA
TADF-M-00335,,,3260,neat film,2900,neat film
TADF-M-00334,,,3320,neat film,2700,neat film
TADF-M-00341,,,3000,neat film,2600,neat film
TADF-M-01985,,,3450,neat film,2780,neat film
TADF-M-02088,780,toluene,3720,toluene,2940,toluene
TADF-M-02089,1220,toluene,4410,toluene,3190,toluene
TADF-M-02090,1070,toluene,3800,toluene,2730,toluene
TADF-M-02091,300,toluene,3200,toluene,2900,toluene
TADF-M-02092,270,toluene,2970,toluene,2700,toluene
TADF-M-02093,20,CBP,2610,CBP,2590,CBP
TADF-M-02094,20,CBP,2540,CBP,2520,CBP
TADF-M-02095,30,CBP,2510,CBP,2480,CBP
TADF-M-02096,170,toluene,2940,toluene,2770,toluene
TADF-M-02097,230,toluene,2990,toluene,2760,toluene
TADF-M-02098,170,toluene,2260,toluene,2090,toluene
TADF-M-02099,280,toluene,2190,toluene,1910,toluene
TADF-M-02102,50,toluene,,,2970,toluene
TADF-M-02902,60,mCBP,,,,
TADF-M-02903,110,mCBP,,,,
TADF-M-02904,110,toluene,2940,toluene,2830,toluene
TADF-M-02905,70,toluene,2880,toluene,2810,toluene
TADF-M-02906,30,toluene,2870,toluene,2840,toluene
TADF-M-02113,,,,,2960,THF
TADF-M-02114,,,,,2940,THF
TADF-M-02115,,,,,2870,THF
TADF-M-02116,140,toluene,2960,toluene,2820,toluene
TADF-M-02117,130,toluene,2970,toluene,2840,toluene
TADF-M-02118,240,toluene,3100,toluene,2860,toluene
TADF-M-00215,170,toluene,3110,toluene,2940,toluene
TADF-M-02119,190,toluene,3180,toluene,2990,toluene
TADF-M-00177,60,mCBP,2850,mCBP,2790,mCBP
TADF-M-02135,10,mCBP,2740,mCBP,2730,mCBP
TADF-M-00179,50,mCBP,2920,mCBP,2870,mCBP
TADF-M-02137,470,neat film,,,,
TADF-M-02138,130,neat film,,,,
TADF-M-02139,90,neat film,,,,
TADF-M-02140,10,neat film,,,,
TADF-M-02141,10,neat film,,,,
TADF-M-02142,60,neat film,,,,
TADF-M-02120,,,,,2550,neat film
TADF-M-02121,,,3180,neat film,2530,neat film
TADF-M-02124,,,2820,CBP,,
TADF-M-02125,,,2260,CBP,,
TADF-M-02126,,,2100,CBP,,
TADF-M-02127,,,1950,CBP,,
TADF-M-02128,,,2290,CBP,,
TADF-M-02129,,,2090,CBP,,
TADF-M-02130,80,toluene,2060,toluene,1980,toluene
TADF-M-02131,110,toluene,2040,toluene,1930,toluene
TADF-M-02132,130,toluene,2560,toluene,2430,toluene
TADF-M-02908,,,2480,toluene,2360,toluene
TADF-M-02909,,,2460,toluene,2360,toluene
TADF-M-02910,50,toluene,2870,toluene,2820,toluene
TADF-M-02911,20,toluene,2720,toluene,2700,toluene
TADF-M-02153,160,mCP,2450,mCP,,
TADF-M-02154,20,toluene,2180,toluene,2160,toluene
TADF-M-02155,20,toluene,2270,toluene,2250,toluene
TADF-M-00767,20,neat film,2840,neat film,2820,neat film
TADF-M-02200,30,neat film,2860,neat film,2830,neat film
TADF-M-00768,90,neat film,2930,neat film,2840,neat film
TADF-M-02201,43,THF,2616,THF,2573,THF
TADF-M-00250,410,toluene,3340,toluene,2950,toluene
TADF-M-00114,270,toluene,3270,toluene,3030,toluene
TADF-M-00251,400,toluene,3390,toluene,3030,toluene
TADF-M-00818,170,toluene,,,2600,toluene
TADF-M-02919,,,,,2570,THF
TADF-M-02920,,,,,2550,THF
TADF-M-02161,20,neat film,,,,
TADF-M-02162,90,neat film,,,,
TADF-M-02164,350,neat film,3250,neat film,2900,neat film
TADF-M-02165,220,neat film,3080,neat film,2870,neat film
TADF-M-02166,200,neat film,3120,neat film,2920,neat film
TADF-M-02171,740,THF,3430,THF,2690,THF
TADF-M-02172,910,THF,3600,THF,2690,THF
TADF-M-02173,830,THF,3510,THF,2680,THF
TADF-M-02174,640,THF,3340,THF,2700,THF
TADF-M-02175,640,THF,3340,THF,2700,THF
TADF-M-02176,640,THF,3330,THF,2690,THF
TADF-M-02177,330,toluene,,,,
TADF-M-02178,290,toluene,,,,
TADF-M-02179,230,toluene,,,,
TADF-M-02922,10,toluene,2260,toluene,2250,toluene
TADF-M-02923,0,toluene,2290,toluene,2290,toluene
TADF-M-02924,-40,toluene,2310,toluene,2350,toluene
TADF-M-02925,-30,toluene,2250,toluene,2280,toluene
TADF-M-02183,,,36,toluene,,
TADF-M-02928,200,toluene,3170,toluene,2970,toluene
TADF-M-02929,260,toluene,3180,toluene,2920,toluene
TADF-M-02930,70,SiTrzCz2,3250,SiTrzCz2,3180,SiTrzCz2
TADF-M-02931,30,SiTrzCz2,3190,SiTrzCz2,3150,SiTrzCz2
TADF-M-02932,147,toluene,2825,toluene,2678,toluene
TADF-M-02933,45,toluene,2680,toluene,2635,toluene
TADF-M-00730,100,neat film,2820,neat film,2720,neat film
TADF-M-02934,,,2160,toluene,,
TADF-M-02935,,,2090,toluene,,
TADF-M-02936,30,toluene,2420,toluene,2390,toluene
TADF-M-02202,690,THF,,,,
TADF-M-02203,430,THF,,,,
TADF-M-02937,190,toluene,3050,toluene,2860,toluene
TADF-M-02938,150,toluene,2880,toluene,2730,toluene
TADF-M-02205,310,CBP,3100,CBP,2790,CBP
TADF-M-02206,100,CBP,3020,CBP,2920,CBP
TADF-M-02207,80,CBP,2720,CBP,2640,CBP
TADF-M-02208,90,CBP,2870,CBP,2780,CBP
TADF-M-02209,240,CBP,2740,CBP,2500,CBP
TADF-M-02210,320,CBP,2930,CBP,2610,CBP
TADF-M-00801,10,CBP,2330,CBP,2320,CBP
TADF-M-02211,120,mCP,2170,mCP,2050,mCP
TADF-M-02212,110,mCP,2160,mCP,2050,mCP
TADF-M-02213,160,toluene,3200,toluene,3040,toluene
TADF-M-02214,90,toluene,3120,toluene,3030,toluene
TADF-M-02939,75,CBP,2301,CBP,2226,CBP
TADF-M-02940,62,CBP,2222,CBP,2160,CBP
TADF-M-02941,57,CBP,2185,CBP,2128,CBP
TADF-M-02942,140,toluene,2840,toluene,2700,toluene
TADF-M-02943,170,toluene,2850,toluene,2680,toluene
TADF-M-02215,200,toluene,2580,toluene,2380,toluene
TADF-M-02063,230,toluene,,,,
TADF-M-02216,10,toluene,,,,
TADF-M-02946,,,3580,toluene,2850,toluene
TADF-M-02947,,,3590,toluene,2850,toluene
TADF-M-02217,350,toluene,2870,toluene,2520,toluene
TADF-M-02218,280,toluene,2760,toluene,2480,toluene
TADF-M-02219,390,toluene,2970,toluene,2580,toluene
TADF-M-02220,380,PMMA,,,,
TADF-M-02221,50,PMMA,,,,
TADF-M-02222,20,toluene,,,,
TADF-M-02223,20,toluene,,,,
TADF-M-02230,220,neat film,3030,neat film,2810,neat film
TADF-M-02231,140,neat film,2760,neat film,2620,neat film
TADF-M-02232,170,neat film,3050,neat film,2880,neat film
TADF-M-02233,180,neat film,3080,neat film,2900,neat film
TADF-M-02234,180,neat film,3050,neat film,2870,neat film
TADF-M-02235,180,neat film,3070,neat film,2890,neat film
TADF-M-02236,170,THF,,,,
TADF-M-02237,190,toluene,2660,toluene,2470,toluene
TADF-M-02238,160,toluene,2340,toluene,2180,toluene
TADF-M-02239,160,toluene,2230,toluene,2070,toluene
TADF-M-00447,150,toluene,2590,mCP,2450,toluene
TADF-M-00449,240,toluene,,,,
TADF-M-00448,230,toluene,,,,
