Molecule_ID,E_ST,condition E_ST,S₁,condition S₁,T₁,condition T₁
TADF-M-00000,710.0,PMMA,,,,
TADF-M-00001,520.0,PMMA,,,,
TADF-M-00002,80.0,neat film,,,,
TADF-M-00003,70.0,neat film,,,,
TADF-M-00004,30.0,neat film,,,,
TADF-M-00005,210.0,DPEPO,,,,
TADF-M-00006,380.0,PMMA,,,,
TADF-M-00007,260.0,PMMA,,,,
TADF-M-00008,390.0,PMMA,,,,
TADF-M-00009,70.0,PMMA,,,,
TADF-M-00010,440.0,toluene,,,,
TADF-M-00011,110.0,PMMA,,,,
TADF-M-00012,180.0,toluene,,,,
TADF-M-00013,190.0,toluene,,,,
TADF-M-00014,664.0,toluene,,,,
TADF-M-00015,63.0,toluene,,,,
TADF-M-00016,270.0,DPEPO,,,,
TADF-M-00017,340.0,DPEPO,,,,
TADF-M-00018,60.0,toluene,,,,
TADF-M-00019,180.0,toluene,,,,
TADF-M-00020,320.0,toluene,,,,
TADF-M-00021,220.0,DPEPO,,,,
TADF-M-00022,240.0,DPEPO,2940.0,THF,2700.0,THF
TADF-M-00023,180.0,DPEPO,3020.0,THF,2840.0,THF
TADF-M-00024,180.0,DPEPO,2950.0,THF,2770.0,THF
TADF-M-00025,20.0,DPEPO,,,,
TADF-M-00026,150.0,DPEPO,3070.0,DPEPO,2920.0,DPEPO
TADF-M-00027,251.0,toluene,,,,
TADF-M-00028,114.0,toluene,,,,
TADF-M-00029,336.0,toluene,,,,
TADF-M-00049,120.0,neat film,3000.0,zeonex,2810.0,zeonex
TADF-M-00050,200.0,zeonex,,,,
TADF-M-00051,300.0,zeonex,,,,
TADF-M-00061,82.0,toluene,,,,
TADF-M-00062,111.0,toluene,,,,
TADF-M-00072,187.0,toluene,,,,
TADF-M-00073,156.0,toluene,,,,
TADF-M-00074,25.0,toluene,,,,
TADF-M-00075,270.0,PPT,2930.0,PPT,2660.0,PPT
TADF-M-00076,380.0,PPT,2800.0,PPT,2420.0,PPT
TADF-M-00077,70.0,mCP,,,,
TADF-M-00078,60.0,mCP,,,,
TADF-M-00079,150.0,DPEPO,,,,
TADF-M-00080,290.0,DPEPO,,,,
TADF-M-00081,340.0,DPEPO,,,,
TADF-M-00082,160.0,DPEPO,2720.0,DPEPO,2560.0,DPEPO
TADF-M-00083,390.0,CBP,,,,
TADF-M-00084,360.0,CBP,2940.0,DPEPO,2580.0,DPEPO
TADF-M-00085,210.0,CBP,2730.0,CBP,2520.0,CBP
TADF-M-00086,250.0,DPEPO,,,,
TADF-M-00087,150.0,DPEPO,,,,
TADF-M-00094,60.0,toluene,3110.0,toluene,3050.0,toluene
TADF-M-00095,110.0,toluene,3060.0,toluene,2950.0,toluene
TADF-M-00102,130.0,neat film,2750.0,neat film,2620.0,neat film
TADF-M-00103,70.0,neat film,2670.0,neat film,2600.0,neat film
TADF-M-00104,70.0,neat film,2690.0,neat film,2620.0,neat film
TADF-M-00105,80.0,neat film,2720.0,neat film,2640.0,neat film
TADF-M-00106,530.0,neat film,2810.0,neat film,2280.0,neat film
TADF-M-00111,200.0,THF,2550.0,THF,2350.0,THF
TADF-M-00112,240.0,THF,2520.0,THF,2280.0,THF
TADF-M-02253,100.0,THF,2710.0,THF,2610.0,THF
TADF-M-02254,40.0,THF,2790.0,THF,2750.0,THF
TADF-M-00128,300.0,2-MeTHF,,,,
TADF-M-00129,360.0,toluene,3200.0,toluene,2810.0,toluene
TADF-M-00130,280.0,toluene,3080.0,toluene,2800.0,toluene
TADF-M-00131,290.0,toluene,3090.0,toluene,2720.0,toluene
TADF-M-00132,240.0,toluene,3090.0,toluene,2780.0,toluene
TADF-M-02262,170.0,toluene,2950.0,toluene,2780.0,toluene
TADF-M-02263,140.0,toluene,2940.0,toluene,2800.0,toluene
TADF-M-00190,250.0,toluene,3200.0,toluene,2930.0,THF
TADF-M-00269,163.0,PMMA,3320.0,PMMA,3160.0,PMMA
TADF-M-00270,477.0,PMMA,3330.0,PMMA,2850.0,PMMA
TADF-M-00271,101.0,PMMA,3200.0,PMMA,3100.0,PMMA
TADF-M-00272,302.0,PMMA,3160.0,PMMA,2860.0,PMMA
TADF-M-00273,196.0,PMMA,3310.0,PMMA,3120.0,PMMA
TADF-M-00274,276.0,PMMA,3150.0,PMMA,2870.0,PMMA
TADF-M-00285,,,3290.0,toluene,2790.0,toluene
TADF-M-00286,,,3120.0,toluene,2640.0,toluene
TADF-M-00287,,,3200.0,toluene,2640.0,toluene
TADF-M-00288,,,3170.0,toluene,2540.0,toluene
TADF-M-00290,17.0,neat film,,,,
TADF-M-00291,68.0,neat film,,,,
TADF-M-02274,,,2320.0,toluene,2240.0,toluene
TADF-M-00299,940.0,neat film,4050.0,neat film,3110.0,neat film
TADF-M-00300,100.0,neat film,2820.0,neat film,2720.0,neat film
TADF-M-00301,290.0,neat film,2980.0,neat film,2690.0,neat film
TADF-M-00312,20.0,DPEPO,2740.0,DPEPO,2720.0,DPEPO
TADF-M-00313,440.0,DPEPO,2970.0,DPEPO,2930.0,DPEPO
TADF-M-00314,40.0,DPEPO,3070.0,DPEPO,2630.0,DPEPO
TADF-M-00315,430.0,DPEPO,3490.0,DPEPO,3060.0,DPEPO
TADF-M-00317,230.0,toluene,2890.0,toluene,2700.0,toluene
TADF-M-00320,320.0,toluene,,,,
TADF-M-00321,260.0,toluene,,,,
TADF-M-00322,230.0,toluene,,,,
TADF-M-00323,220.0,toluene,,,,
TADF-M-00324,160.0,toluene,,,,
TADF-M-02283,32.0,toluene,,,,
TADF-M-02284,33.0,toluene,,,,
TADF-M-00344,18.0,mCP,,,,
TADF-M-00345,6.0,mCP,,,,
TADF-M-00358,,,2610.0,neat film,2590.0,neat film
TADF-M-02288,10.0,CBP,2530.0,CBP,2520.0,CBP
TADF-M-02289,40.0,CBP,2340.0,CBP,2300.0,CBP
TADF-M-02290,50.0,CBP,2340.0,CBP,2290.0,CBP
TADF-M-00364,30.0,CBP,2220.0,CBP,2190.0,CBP
TADF-M-00365,30.0,CBP,2380.0,CBP,2350.0,CBP
TADF-M-00369,,,2360.0,mCP,2300.0,mCP
TADF-M-00370,,,2260.0,mCP,2190.0,mCP
TADF-M-00371,,,2150.0,mCP,2060.0,mCP
TADF-M-00372,96.0,neat film,,,,
TADF-M-00373,90.0,neat film,,,,
TADF-M-00374,84.0,neat film,,,,
TADF-M-00375,,,2330.0,mCP,2260.0,mCP
TADF-M-00376,,,2440.0,mCP,2280.0,mCP
TADF-M-02291,230.0,CH2Cl2,,,,
TADF-M-02292,240.0,CH2Cl2,,,,
TADF-M-00380,210.0,neat film,,,,
TADF-M-00382,50.0,BCPO,,,,
TADF-M-00381,30.0,BCPO,,,,
TADF-M-02293,,,,,2980.0,toluene
TADF-M-02294,,,,,2880.0,toluene
TADF-M-02298,54.0,PO-T2T,,,,
TADF-M-00383,280.0,mCP,,,,
TADF-M-00384,120.0,mCP,,,,
TADF-M-00385,50.0,mCP,,,,
TADF-M-02299,39.0,neat film,,,,
TADF-M-02300,43.0,neat film,,,,
TADF-M-02304,110.0,PhCzBCz,,,,
TADF-M-01310,130.0,PhCzBCz,,,,
TADF-M-02305,240.0,toluene,3160.0,toluene,2920.0,toluene
TADF-M-02306,190.0,toluene,2980.0,toluene,2790.0,toluene
TADF-M-02307,200.0,toluene,2920.0,toluene,2720.0,toluene
TADF-M-00389,60.0,mCP,2800.0,mCP,2740.0,mCP
TADF-M-00390,32.0,mCP,2790.0,mCP,2760.0,mCP
TADF-M-00339,40.0,toluene,2450.0,toluene,,
TADF-M-00340,40.0,toluene,2530.0,toluene,,
TADF-M-00405,270.0,toluene,3100.0,toluene,2830.0,toluene
TADF-M-00404,270.0,toluene,3140.0,toluene,2870.0,toluene
TADF-M-00414,70.0,PMMA,2860.0,PMMA,2790.0,PMMA
TADF-M-00418,25.0,neat film,2805.0,neat film,2780.0,neat film
TADF-M-01719,160.0,CzSi,2750.0,PMMA,2620.0,toluene
TADF-M-02334,190.0,CzSi,2630.0,CzSi,2580.0,PMMA
TADF-M-00100,50.0,neat film,2880.0,toluene,2570.0,toluene
TADF-M-02335,440.0,toluene,3210.0,toluene,2770.0,toluene
TADF-M-00432,,,2670.0,neat film,,
TADF-M-00433,,,2530.0,neat film,,
TADF-M-00438,748.0,PLA,,,,
TADF-M-00439,606.0,PLA,,,,
TADF-M-00440,659.0,PLA,,,,
TADF-M-00441,474.0,PLA,,,,
TADF-M-00442,436.0,PLA,,,,
TADF-M-02340,30.0,neat film,2730.0,neat film,2700.0,neat film
TADF-M-02341,20.0,neat film,2710.0,neat film,2690.0,neat film
TADF-M-02342,50.0,neat film,2940.0,neat film,2890.0,neat film
TADF-M-02343,60.0,neat film,3020.0,neat film,2960.0,neat film
TADF-M-02344,550.0,neat film,3320.0,neat film,2770.0,neat film
TADF-M-02345,440.0,neat film,3210.0,neat film,2770.0,neat film
TADF-M-00444,,,2860.0,toluene,2700.0,toluene
TADF-M-00445,,,2750.0,toluene,2600.0,toluene
TADF-M-02360,60.0,2-MeTHF,2710.0,2-MeTHF,2650.0,2-MeTHF
TADF-M-02361,10.0,2-MeTHF,2990.0,2-MeTHF,2980.0,2-MeTHF
TADF-M-00450,50.0,toluene,2740.0,toluene,2690.0,toluene
TADF-M-00452,10.0,toluene,2750.0,toluene,2740.0,toluene
TADF-M-00453,60.0,toluene,2750.0,toluene,2690.0,toluene
TADF-M-00454,,,3420.0,toluene,3050.0,toluene
TADF-M-00455,,,3400.0,toluene,3050.0,toluene
TADF-M-00456,,,3320.0,toluene,3050.0,toluene
TADF-M-00462,390.0,toluene,2610.0,toluene,2220.0,toluene
TADF-M-00463,400.0,toluene,2610.0,toluene,2210.0,toluene
TADF-M-00464,410.0,toluene,2640.0,toluene,2230.0,toluene
TADF-M-00465,420.0,toluene,2640.0,toluene,2220.0,toluene
TADF-M-00466,140.0,toluene,2620.0,toluene,2480.0,toluene
TADF-M-00467,120.0,toluene,2560.0,toluene,2440.0,toluene
TADF-M-02379,420.0,PMMA,2760.0,PMMA,2340.0,PMMA
TADF-M-02380,490.0,PMMA,2750.0,PMMA,2260.0,PMMA
TADF-M-02381,480.0,PMMA,2760.0,PMMA,2280.0,PMMA
TADF-M-02382,260.0,PMMA,2940.0,PMMA,2680.0,PMMA
TADF-M-02383,330.0,PMMA,2980.0,PMMA,2650.0,PMMA
TADF-M-00486,300.0,toluene,2900.0,mCP,2670.0,mCP
TADF-M-02368,160.0,toluene,2850.0,toluene,2690.0,toluene
TADF-M-02369,10.0,toluene,2370.0,toluene,2360.0,toluene
TADF-M-02370,10.0,toluene,2570.0,toluene,2560.0,toluene
TADF-M-02371,190.0,toluene,2950.0,toluene,2760.0,toluene
TADF-M-02372,170.0,toluene,2930.0,toluene,2760.0,toluene
TADF-M-02373,180.0,toluene,2950.0,toluene,2770.0,toluene
TADF-M-00478,850.0,2-MeTHF,,,,
TADF-M-00479,550.0,2-MeTHF,,,,
TADF-M-00480,810.0,2-MeTHF,,,,
TADF-M-00481,190.0,2-MeTHF,,,,
TADF-M-00471,310.0,2-MeTHF,,,,
TADF-M-00472,260.0,2-MeTHF,,,,
TADF-M-00473,280.0,2-MeTHF,,,,
TADF-M-00501,13.0,mCP,2790.0,mCP,2780.0,mCP
TADF-M-00311,81.0,mCP,2890.0,mCP,2730.0,mCP
TADF-M-00502,10.0,"2,6-DCzPPy",2430.0,"2,6-DCzPPy",2420.0,"2,6-DCzPPy"
TADF-M-00503,20.0,"2,6-DCzPPy",2300.0,"2,6-DCzPPy",2280.0,"2,6-DCzPPy"
TADF-M-00504,100.0,toluene,2260.0,toluene,2160.0,toluene
TADF-M-00505,40.0,toluene,2270.0,toluene,2230.0,toluene
TADF-M-00506,140.0,toluene,2260.0,toluene,2120.0,toluene
TADF-M-02386,130.0,toluene,2820.0,toluene,2690.0,toluene
TADF-M-00510,160.0,toluene,,,,
TADF-M-00511,160.0,toluene,,,,
TADF-M-00512,100.0,toluene,,,,
TADF-M-00513,80.0,toluene,,,,
TADF-M-00514,160.0,toluene,,,,
TADF-M-00515,3.0,toluene,,,,
TADF-M-02385,51.0,CH2Cl2,,,,
TADF-M-02384,56.0,CH2Cl2,,,,
TADF-M-00516,200.0,zeonex,3030.0,zeonex,2830.0,zeonex
TADF-M-00517,570.0,zeonex,3320.0,zeonex,2760.0,zeonex
TADF-M-00518,360.0,zeonex,2980.0,zeonex,2630.0,zeonex
TADF-M-00521,397.0,PMMA,,,,
TADF-M-00522,510.0,PMMA,,,,
TADF-M-00523,128.0,PMMA,,,,
TADF-M-00524,443.0,PMMA,,,,
TADF-M-00525,501.0,PMMA,,,,
TADF-M-00526,265.0,PMMA,,,,
TADF-M-00527,159.0,PMMA,,,,
TADF-M-00528,530.0,PMMA,,,,
TADF-M-00529,273.0,PMMA,,,,
TADF-M-00534,310.0,MeCN,,,,
TADF-M-00535,180.0,MeCN,,,,
TADF-M-00536,160.0,MeCN,,,,
TADF-M-00537,100.0,MeCN,,,,
TADF-M-00538,280.0,MeCN,,,,
TADF-M-00539,130.0,MeCN,,,,
TADF-M-00540,110.0,MeCN,,,,
TADF-M-00541,220.0,MeCN,,,,
TADF-M-00542,110.0,MeCN,,,,
TADF-M-00543,100.0,MeCN,,,,
TADF-M-00544,150.0,neat film,,,,
TADF-M-00545,40.0,"2,6-DCzPPy",,,,
TADF-M-00546,90.0,"2,6-DCzPPy",,,,
TADF-M-00547,30.0,mCP,,,,
TADF-M-00549,60.0,TCTA,,,,
TADF-M-00550,30.0,DPEPO,,,,
TADF-M-00551,40.0,"2,6-DCzPPy",,,,
TADF-M-00553,190.0,mCP,,,,
TADF-M-00554,220.0,mCP,,,,
TADF-M-00742,21.0,neat film,,,,
TADF-M-02406,13.0,neat film,,,,
TADF-M-00558,75.0,neat film,,,,
TADF-M-00559,63.0,neat film,,,,
TADF-M-00560,64.0,neat film,,,,
TADF-M-00561,66.0,neat film,,,,
TADF-M-00562,190.0,toluene,,,,
TADF-M-00563,90.0,toluene,,,,
TADF-M-00564,240.0,CBP,,,,
TADF-M-00565,300.0,CBP,,,,
TADF-M-02407,,,,,2660.0,toluene
TADF-M-02408,,,,,2480.0,toluene
TADF-M-02409,,,,,2450.0,toluene
TADF-M-00573,30.0,neat film,,,,
TADF-M-00574,40.0,neat film,,,,
TADF-M-02413,110.0,2-MeTHF,,,,
TADF-M-02414,77.0,2-MeTHF,,,,
TADF-M-00578,210.0,toluene,,,,
TADF-M-00579,180.0,toluene,,,,
TADF-M-00580,210.0,toluene,2330.0,toluene,2120.0,toluene
TADF-M-00598,,,,,2840.0,neat film
TADF-M-00599,,,,,2860.0,neat film
TADF-M-00600,,,,,2900.0,2-MeTHF
TADF-M-00601,,,,,2760.0,2-MeTHF
TADF-M-00603,,,,,3000.0,2-MeTHF
TADF-M-00602,,,,,3000.0,2-MeTHF
TADF-M-00604,330.0,2-MeTHF,,,,
TADF-M-00605,430.0,2-MeTHF,,,,
TADF-M-00606,190.0,zeonex,2250.0,TCTA,2120.0,CBP
TADF-M-00607,210.0,TCTA,2280.0,CBP,2050.0,CBP
TADF-M-00608,250.0,TCTA,2340.0,TCTA,2090.0,TCTA
TADF-M-00627,,,3490.0,2-MeTHF,3020.0,2-MeTHF
TADF-M-00628,,,3590.0,2-MeTHF,3030.0,2-MeTHF
TADF-M-00629,,,3420.0,2-MeTHF,3140.0,2-MeTHF
TADF-M-02429,300.0,toluene,,,,
TADF-M-02430,220.0,toluene,,,,
TADF-M-02431,20.0,toluene,,,,
TADF-M-02432,620.0,CBP,2500.0,CBP,1880.0,CBP
TADF-M-02433,290.0,CBP,2230.0,CBP,1940.0,CBP
TADF-M-02434,150.0,CBP,2090.0,CBP,1940.0,CBP
TADF-M-00638,252.0,MeCN,,,,
TADF-M-00639,157.0,MeCN,,,,
TADF-M-00640,146.0,MeCN,,,,
TADF-M-02448,190.0,toluene,2410.0,toluene,2220.0,toluene
TADF-M-00393,140.0,toluene,2660.0,toluene,2530.0,toluene
TADF-M-01253,160.0,toluene,2510.0,toluene,2350.0,toluene
TADF-M-00655,470.0,toluene,3350.0,toluene,2880.0,toluene
TADF-M-00656,390.0,toluene,3240.0,toluene,2850.0,toluene
TADF-M-00657,260.0,toluene,2830.0,toluene,2570.0,toluene
TADF-M-02437,140.0,toluene,2890.0,toluene,2750.0,toluene
TADF-M-02438,30.0,toluene,3000.0,toluene,2970.0,toluene
TADF-M-00669,10.0,mCP,,,,
TADF-M-02440,80.0,zeonex,3180.0,zeonex,3100.0,zeonex
TADF-M-02441,20.0,zeonex,3200.0,zeonex,3180.0,zeonex
TADF-M-02442,40.0,zeonex,3220.0,zeonex,3180.0,zeonex
TADF-M-02443,190.0,zeonex,3370.0,zeonex,3180.0,zeonex
TADF-M-02444,190.0,zeonex,3370.0,zeonex,3180.0,zeonex
TADF-M-02455,200.0,toluene,2340.0,toluene,2140.0,toluene
TADF-M-02456,140.0,toluene,2220.0,toluene,2080.0,toluene
TADF-M-02457,230.0,PPF,3100.0,PPF,2870.0,PPF
TADF-M-02458,80.0,PPF,3000.0,PPF,2920.0,PPF
TADF-M-02459,150.0,PPF,2860.0,PPF,2710.0,PPF
TADF-M-00694,50.0,toluene,,,,
TADF-M-02450,200.0,zeonex,2980.0,zeonex,2780.0,zeonex
TADF-M-02451,120.0,neat film,3050.0,neat film,2830.0,zeonex
TADF-M-02462,340.0,PMMA,2560.0,PMMA,2220.0,PMMA
TADF-M-02461,260.0,2-MeTHF,2470.0,2-MeTHF,2280.0,PMMA
TADF-M-02460,20.0,mCBP,2240.0,mCBP,2280.0,2-MeTHF
TADF-M-00718,210.0,toluene,,,,
TADF-M-00716,210.0,toluene,,,,
TADF-M-00252,240.0,toluene,3200.0,toluene,2870.0,toluene
TADF-M-00717,220.0,toluene,,,,
TADF-M-00253,170.0,toluene,,,2680.0,toluene
TADF-M-00163,54.0,neat film,,,,
TADF-M-00719,190.0,CBP,2430.0,TCTA,2180.0,CBP
TADF-M-00720,210.0,CBP,2450.0,CBP,2230.0,TCTA
TADF-M-00721,50.0,zeonex,2250.0,TCTA,2210.0,TCTA
TADF-M-00722,80.0,zeonex,2290.0,TCTA,2240.0,TCTA
TADF-M-00723,70.0,TCTA,2320.0,TCTA,2250.0,TCTA
TADF-M-02495,240.0,neat film,2820.0,neat film,2580.0,neat film
TADF-M-02496,50.0,neat film,2570.0,neat film,2520.0,neat film
TADF-M-00854,140.0,toluene,1810.0,toluene,1670.0,toluene
TADF-M-00855,200.0,toluene,1950.0,toluene,1750.0,toluene
TADF-M-00825,170.0,SiTrzCz2,2780.0,SiTrzCz2,2610.0,SiTrzCz2
TADF-M-00826,140.0,SiTrzCz2,2740.0,SiTrzCz2,2600.0,SiTrzCz2
TADF-M-00827,90.0,SiTrzCz2,2700.0,SiTrzCz2,2610.0,SiTrzCz2
TADF-M-00828,130.0,SiTrzCz2,2700.0,SiTrzCz2,2570.0,SiTrzCz2
TADF-M-02466,530.0,hexane,3070.0,hexane,2540.0,ethanol
TADF-M-02467,540.0,hexane,3240.0,hexane,2700.0,ethanol
TADF-M-02468,640.0,hexane,2840.0,hexane,2200.0,ethanol
TADF-M-02469,570.0,hexane,3050.0,hexane,2480.0,ethanol
TADF-M-02470,850.0,hexane,3210.0,hexane,2360.0,ethanol
TADF-M-02471,1060.0,hexane,3540.0,hexane,2480.0,ethanol
TADF-M-02472,400.0,hexane,3420.0,hexane,3020.0,ethanol
TADF-M-02473,800.0,hexane,3620.0,hexane,2820.0,ethanol
TADF-M-02474,360.0,hexane,3330.0,hexane,2970.0,ethanol
TADF-M-00724,,,2470.0,2-MeTHF,2360.0,2-MeTHF
TADF-M-00725,,,2480.0,2-MeTHF,2360.0,2-MeTHF
TADF-M-02475,200.0,zeonex,3280.0,zeonex,3080.0,zeonex
TADF-M-02388,90.0,zeonex,3170.0,zeonex,3080.0,zeonex
TADF-M-02476,240.0,zeonex,3000.0,zeonex,2760.0,zeonex
TADF-M-02477,180.0,2-MeTHF,2990.0,2-MeTHF,2810.0,2-MeTHF
TADF-M-02478,580.0,THF,3680.0,THF,3060.0,THF
TADF-M-01406,130.0,toluene,,,,
TADF-M-01256,120.0,toluene,,,,
TADF-M-02479,140.0,toluene,,,,
TADF-M-02480,400.0,toluene,,,,
TADF-M-02481,310.0,toluene,,,,
TADF-M-02482,290.0,toluene,,,,
TADF-M-02483,270.0,toluene,,,,
TADF-M-02484,210.0,toluene,,,,
TADF-M-02485,190.0,toluene,,,,
TADF-M-02486,160.0,toluene,,,,
TADF-M-02487,130.0,toluene,,,,
TADF-M-00814,590.0,neat film,,,,
TADF-M-00815,180.0,neat film,,,,
TADF-M-00816,50.0,neat film,,,,
TADF-M-02489,190.0,toluene,2440.0,toluene,2250.0,toluene
TADF-M-00820,50.0,toluene,2880.0,toluene,2830.0,toluene
TADF-M-00821,40.0,toluene,2940.0,toluene,2900.0,toluene
TADF-M-02490,90.0,toluene,,,,
TADF-M-02491,190.0,toluene,,,,
TADF-M-00858,140.0,neat film,,,2110.0,toluene
TADF-M-00859,110.0,neat film,,,2320.0,toluene
TADF-M-00860,340.0,neat film,,,2330.0,toluene
TADF-M-00861,30.0,neat film,,,2500.0,toluene
TADF-M-00862,20.0,neat film,,,2740.0,toluene
TADF-M-00863,100.0,neat film,,,2410.0,toluene
TADF-M-00857,190.0,mCP,,,,
TADF-M-00874,,,3000.0,THF,2780.0,THF
TADF-M-00880,,,,,3120.0,toluene
TADF-M-02510,,,3480.0,toluene,3020.0,toluene
TADF-M-02511,,,3470.0,toluene,3040.0,toluene
TADF-M-00891,270.0,PMMA,,,2490.0,PMMA
TADF-M-00892,17.0,DOBNA-OAr,2650.0,toluene,2640.0,PMMA
TADF-M-00893,210.0,PMMA,,,2570.0,PMMA
TADF-M-00658,250.0,PMMA,,,2540.0,PMMA
TADF-M-00894,240.0,PMMA,,,2490.0,PMMA
TADF-M-00900,80.0,CBP,,,,
TADF-M-00901,30.0,CBP,,,,
TADF-M-00895,170.0,mCP,2480.0,mCP,2310.0,mCP
TADF-M-00898,150.0,toluene,,,,
TADF-M-00899,170.0,toluene,,,,
TADF-M-02518,60.0,toluene,,,,
TADF-M-02519,50.0,toluene,,,,
TADF-M-02520,110.0,toluene,,,,
TADF-M-02521,120.0,toluene,,,,
TADF-M-00907,60.0,toluene,2920.0,toluene,2860.0,toluene
TADF-M-00185,50.0,toluene,3060.0,toluene,3010.0,toluene
TADF-M-01018,230.0,toluene,3160.0,toluene,2930.0,toluene
TADF-M-01019,140.0,toluene,3060.0,toluene,2920.0,toluene
TADF-M-00921,130.0,toluene,,,,
TADF-M-00922,120.0,toluene,,,,
TADF-M-02529,120.0,zeonex,,,,
TADF-M-00927,26.0,TCTA,,,,
TADF-M-00928,23.0,TCTA,,,,
TADF-M-00929,23.0,mCP,2725.0,mCP,2702.0,mCP
TADF-M-00930,189.0,neat film,2762.0,neat film,2573.0,neat film
TADF-M-00931,166.0,neat film,2749.0,neat film,2583.0,neat film
TADF-M-02536,170.0,toluene,2920.0,toluene,2760.0,toluene
TADF-M-02537,190.0,toluene,2990.0,toluene,2800.0,toluene
TADF-M-00939,30.0,toluene,3110.0,toluene,3080.0,toluene
TADF-M-00940,210.0,toluene,3260.0,toluene,3050.0,toluene
TADF-M-01031,180.0,PMMA,,,,
TADF-M-02538,190.0,PMMA,,,,
TADF-M-02539,170.0,PMMA,,,,
TADF-M-02540,130.0,PMMA,,,,
TADF-M-00960,186.20000000000002,toluene,2654.9,toluene,2468.7000000000003,toluene
TADF-M-02550,64.0,toluene,2600.0,toluene,2530.0,toluene
TADF-M-02551,28.0,toluene,2340.0,toluene,2310.0,toluene
TADF-M-00964,100.0,toluene,,,,
TADF-M-00427,110.0,zeonex,,,,
TADF-M-00976,260.0,toluene,,,,
TADF-M-00977,370.0,toluene,,,,
TADF-M-02555,81.0,TCTA,,,,
TADF-M-02556,91.0,TCTA,,,,
TADF-M-02557,70.0,TCTA,,,,
TADF-M-02558,75.0,TCTA,,,,
TADF-M-00979,460.0,zeonex,,,,
TADF-M-00980,260.0,zeonex,,,,
TADF-M-00981,400.0,zeonex,,,,
TADF-M-00982,520.0,zeonex,,,,
TADF-M-00983,480.0,zeonex,,,,
TADF-M-00984,210.0,MeCN,2960.0,mCP,2770.0,mCP
TADF-M-00985,220.0,MeCN,2970.0,mCP,2730.0,mCP
TADF-M-00986,270.0,MeCN,2960.0,mCP,2810.0,mCP
TADF-M-00987,7.6,toluene,3080.0,toluene,3070.0,toluene
TADF-M-00856,410.0,toluene,3170.0,toluene,2760.0,toluene
TADF-M-02559,,,3430.0,toluene,3060.0,toluene
TADF-M-02560,,,3440.0,toluene,3070.0,toluene
TADF-M-00988,50.0,toluene,2870.0,toluene,2820.0,toluene
TADF-M-00989,120.0,toluene,2870.0,toluene,2750.0,toluene
TADF-M-00990,10.0,toluene,2820.0,toluene,2810.0,toluene
TADF-M-00991,-110.0,toluene,2790.0,toluene,2900.0,toluene
TADF-M-02561,50.0,neat film,2960.0,neat film,2810.0,neat film
TADF-M-02562,150.0,neat film,2860.0,neat film,2810.0,neat film
TADF-M-00992,190.0,CBP,,,,
TADF-M-00993,100.0,CBP,,,,
TADF-M-00999,140.0,THF,2800.0,THF,2660.0,THF
TADF-M-01000,190.0,PPF,3110.0,PPF,2920.0,PPF
TADF-M-01001,170.0,PPF,3130.0,PPF,2960.0,PPF
TADF-M-01002,180.0,PPF,3130.0,PPF,2950.0,PPF
TADF-M-01003,190.0,PPF,3160.0,PPF,2970.0,PPF
TADF-M-00198,140.0,ethanol,,,,
TADF-M-00199,140.0,mCBP,,,,
TADF-M-01030,140.0,toluene,,,,
TADF-M-01032,190.0,DOBNA-OAr,,,,
TADF-M-01046,270.0,PPF,,,,
TADF-M-01047,200.0,PPF,,,,
TADF-M-01048,200.0,PPF,,,,
TADF-M-01049,220.0,PPF,,,,
TADF-M-02563,,,3700.0,toluene,3060.0,toluene
TADF-M-02564,,,3660.0,toluene,3050.0,toluene
TADF-M-02565,,,3470.0,toluene,2950.0,toluene
TADF-M-01050,90.0,THF,2910.0,THF,2820.0,THF
TADF-M-01051,10.0,THF,2760.0,THF,2750.0,THF
TADF-M-01052,380.0,THF,3160.0,THF,2780.0,THF
TADF-M-02566,,,3120.0,2-MeTHF,2550.0,2-MeTHF
TADF-M-02567,,,3050.0,2-MeTHF,2590.0,2-MeTHF
TADF-M-01057,120.0,toluene,3080.0,toluene,2960.0,toluene
TADF-M-01058,20.0,toluene,3020.0,toluene,3000.0,toluene
TADF-M-01059,180.0,THF,2830.0,THF,2650.0,THF
TADF-M-01060,410.0,THF,2990.0,THF,2580.0,THF
TADF-M-01061,50.0,toluene,,,,
TADF-M-01062,40.0,toluene,,,,
TADF-M-01063,20.0,toluene,,,,
TADF-M-02568,35.0,DPEPO,2890.0,DPEPO,2860.0,DPEPO
TADF-M-02569,50.0,DPEPO,2950.0,DPEPO,2900.0,DPEPO
TADF-M-01064,520.0,THF,,,,
TADF-M-01065,400.0,THF,,,,
TADF-M-01066,240.0,THF,,,,
TADF-M-01069,130.0,toluene,,,,
TADF-M-01070,140.0,toluene,,,,
TADF-M-01071,140.0,toluene,,,,
TADF-M-02580,250.0,BCPO,2970.0,BCPO,2710.0,BCPO
TADF-M-02601,,,3460.0,2-MeTHF,3010.0,2-MeTHF
TADF-M-02602,,,3420.0,2-MeTHF,2810.0,2-MeTHF
TADF-M-02603,,,3420.0,2-MeTHF,2770.0,2-MeTHF
TADF-M-01193,20.0,CBP,,,,
TADF-M-00056,150.0,toluene,2940.0,toluene,2790.0,toluene
TADF-M-00054,190.0,toluene,2980.0,toluene,2790.0,toluene
TADF-M-00055,160.0,toluene,2950.0,toluene,2790.0,toluene
TADF-M-00210,130.0,toluene,,,2870.0,toluene
TADF-M-01197,95.0,toluene,,,2860.0,toluene
TADF-M-01198,78.0,toluene,,,2850.0,toluene
TADF-M-01180,60.0,mCP,,,2610.0,mCP
TADF-M-01181,110.0,mCP,,,2580.0,mCP
TADF-M-01207,80.0,toluene,,,,
TADF-M-00649,180.0,mCP,2600.0,mCP,2420.0,mCP
TADF-M-00650,190.0,mCP,2630.0,mCP,2440.0,mCP
TADF-M-01209,300.0,2-MeTHF,3100.0,2-MeTHF,2800.0,2-MeTHF
TADF-M-01210,300.0,2-MeTHF,3120.0,2-MeTHF,2820.0,2-MeTHF
TADF-M-01211,270.0,2-MeTHF,3110.0,2-MeTHF,2840.0,2-MeTHF
TADF-M-01212,270.0,2-MeTHF,3080.0,2-MeTHF,2810.0,2-MeTHF
TADF-M-01213,200.0,2-MeTHF,3010.0,2-MeTHF,2810.0,2-MeTHF
TADF-M-01214,120.0,mCP,2850.0,mCP,2730.0,mCP
TADF-M-01215,90.0,mCP,2640.0,mCP,2550.0,mCP
TADF-M-01217,640.0,neat film,3100.0,neat film,2460.0,neat film
TADF-M-01218,280.0,neat film,2670.0,neat film,2360.0,neat film
TADF-M-01219,110.0,mCP,2670.0,mCP,2560.0,mCP
TADF-M-01220,220.0,mCP,2720.0,mCP,2500.0,mCP
TADF-M-01221,190.0,mCP,2670.0,mCP,2480.0,mCP
TADF-M-02605,30.0,neat film,,,,
TADF-M-02606,30.0,neat film,,,,
TADF-M-01753,280.0,neat film,3140.0,neat film,2860.0,neat film
TADF-M-02619,210.0,neat film,2850.0,neat film,2640.0,neat film
TADF-M-02620,20.0,mCP,2650.0,mCP,2630.0,mCP
TADF-M-02621,30.0,mCP,2710.0,mCP,2680.0,mCP
TADF-M-02622,60.0,mCP,2820.0,mCP,2760.0,mCP
TADF-M-02623,130.0,mCP,2870.0,mCP,2740.0,mCP
TADF-M-02624,2.0,mCP,2517.0,mCP,2515.0,mCP
TADF-M-02626,680.0,toluene,,,2440.0,toluene
TADF-M-02627,540.0,toluene,,,2440.0,toluene
TADF-M-02628,360.0,toluene,,,2440.0,toluene
TADF-M-02630,90.0,2-MeTHF,,,,
TADF-M-01240,150.0,PMMA,,,,
TADF-M-01241,90.0,PMMA,,,,
TADF-M-01242,70.0,PMMA,,,,
TADF-M-01301,140.0,toluene,2550.0,toluene,2410.0,toluene
TADF-M-01251,40.0,toluene,,,,
TADF-M-01252,530.0,toluene,,,,
TADF-M-01322,50.0,toluene,,,,
TADF-M-02633,60.0,toluene,,,,
TADF-M-02634,70.0,toluene,,,,
TADF-M-02635,50.0,toluene,,,,
TADF-M-02636,20.0,toluene,,,,
TADF-M-02637,20.0,toluene,,,,
TADF-M-02642,130.0,toluene,3080.0,toluene,2950.0,toluene
TADF-M-02643,60.0,toluene,3010.0,toluene,2950.0,toluene
TADF-M-02644,20.0,toluene,2950.0,toluene,2930.0,toluene
TADF-M-00493,320.0,DPEPO,3010.0,toluene,2580.0,toluene
TADF-M-01079,,,2910.0,toluene,2530.0,toluene
TADF-M-01080,70.0,toluene,,,,
TADF-M-01081,120.0,toluene,,,,
TADF-M-01082,90.0,toluene,,,,
TADF-M-01083,100.0,toluene,,,,
TADF-M-01084,200.0,toluene,2170.0,toluene,1970.0,toluene
TADF-M-00214,,,3260.0,toluene,,
TADF-M-01090,,,3220.0,toluene,,
TADF-M-01091,,,3350.0,toluene,,
TADF-M-00212,370.0,toluene,3280.0,toluene,,
TADF-M-01092,,,3280.0,toluene,,
TADF-M-01093,80.0,toluene,2710.0,toluene,2630.0,toluene
TADF-M-01094,70.0,toluene,2660.0,toluene,2590.0,toluene
TADF-M-01095,170.0,toluene,2830.0,toluene,2660.0,toluene
TADF-M-01096,180.0,toluene,2850.0,toluene,2670.0,toluene
TADF-M-01099,70.0,toluene,,,,
TADF-M-01101,,,3080.0,toluene,1950.0,toluene
TADF-M-01102,,,3060.0,toluene,1960.0,toluene
TADF-M-01103,,,3180.0,toluene,2880.0,toluene
TADF-M-00753,60.0,neat film,,,,
TADF-M-00754,90.0,neat film,,,,
TADF-M-02586,20.0,toluene,,,,
TADF-M-02587,30.0,toluene,,,,
TADF-M-02588,40.0,toluene,,,,
TADF-M-01109,90.0,toluene,,,,
TADF-M-02157,100.0,toluene,2900.0,toluene,2800.0,toluene
TADF-M-02592,110.0,toluene,2940.0,toluene,2830.0,toluene
TADF-M-02593,80.0,toluene,2900.0,toluene,2820.0,toluene
TADF-M-01383,160.0,2-MeTHF,,,,
TADF-M-01297,170.0,2-MeTHF,,,,
TADF-M-01110,90.0,toluene,,,,
TADF-M-01111,30.0,toluene,,,,
TADF-M-01112,50.0,toluene,,,,
TADF-M-01113,70.0,toluene,,,,
TADF-M-01114,120.0,toluene,,,,
TADF-M-01115,30.0,CBP,,,,
TADF-M-01116,80.0,CBP,,,,
TADF-M-01134,165.0,neat film,2793.0,neat film,,
TADF-M-01135,68.0,neat film,2579.0,neat film,,
TADF-M-01136,71.0,neat film,2176.0,neat film,,
TADF-M-01187,260.0,toluene,2520.0,toluene,2260.0,toluene
TADF-M-01188,250.0,toluene,2320.0,toluene,2070.0,toluene
TADF-M-01189,240.0,toluene,2770.0,toluene,2530.0,toluene
TADF-M-01190,270.0,toluene,2760.0,toluene,2490.0,toluene
TADF-M-02597,120.0,PPF,,,,
TADF-M-02598,170.0,PPF,,,,
TADF-M-01366,130.0,toluene,,,,
TADF-M-01588,100.0,neat film,,,,
TADF-M-01589,70.0,neat film,,,,
TADF-M-01590,50.0,neat film,,,,
TADF-M-01591,70.0,neat film,,,,
TADF-M-01592,60.0,neat film,,,,
TADF-M-01593,40.0,neat film,,,,
TADF-M-02660,700.0,PMMA,3250.0,PMMA,2550.0,PMMA
TADF-M-02661,590.0,PMMA,3150.0,PMMA,2560.0,PMMA
TADF-M-02662,440.0,PMMA,2870.0,PMMA,2430.0,PMMA
TADF-M-02663,280.0,toluene,2080.0,toluene,1800.0,toluene
TADF-M-02664,190.0,toluene,1930.0,toluene,1740.0,toluene
TADF-M-02645,330.0,neat film,2990.0,neat film,2660.0,neat film
TADF-M-02646,50.0,neat film,2680.0,neat film,2630.0,neat film
TADF-M-01368,10.0,toluene,2790.0,toluene,2780.0,toluene
TADF-M-01369,230.0,toluene,2910.0,toluene,2680.0,THF
TADF-M-01370,90.0,toluene,2920.0,toluene,2830.0,THF
TADF-M-01371,270.0,toluene,2950.0,toluene,2680.0,THF
TADF-M-01372,200.0,toluene,3110.0,toluene,2910.0,toluene
TADF-M-01373,180.0,PMMA,,,,
TADF-M-01374,210.0,CH2Cl2,,,,
TADF-M-01375,140.0,CH2Cl2,,,,
TADF-M-01376,210.0,CH2Cl2,,,,
TADF-M-01377,170.0,toluene,,,,
TADF-M-01378,150.0,toluene,,,,
TADF-M-01016,60.0,PMMA,,,,
TADF-M-00937,20.0,toluene,,,,
TADF-M-00938,134.0,toluene,,,,
TADF-M-01379,140.0,toluene,,,,
TADF-M-01380,110.0,CH2Cl2,,,,
TADF-M-01381,-100.0,toluene,,,,
TADF-M-01382,150.0,toluene,,,,
TADF-M-01384,170.0,2-MeTHF,,,,
TADF-M-01385,160.0,toluene,,,,
TADF-M-01386,140.0,toluene,,,,
TADF-M-01387,140.0,toluene,,,,
TADF-M-01388,180.0,toluene,,,,
TADF-M-01295,170.0,toluene,,,,
TADF-M-01389,160.0,toluene,,,,
TADF-M-01390,140.0,toluene,,,,
TADF-M-01391,120.0,toluene,,,,
TADF-M-01392,140.0,toluene,,,,
TADF-M-01341,170.0,toluene,,,,
TADF-M-01393,110.0,toluene,,,,
TADF-M-01394,160.0,toluene,,,,
TADF-M-01395,130.0,toluene,,,,
TADF-M-01396,190.0,toluene,,,,
TADF-M-01397,130.0,toluene,,,,
TADF-M-01335,150.0,toluene,,,,
TADF-M-01336,110.0,toluene,,,,
TADF-M-01398,120.0,toluene,,,,
TADF-M-01399,140.0,toluene,,,,
TADF-M-01400,100.0,toluene,,,,
TADF-M-01401,130.0,toluene,,,,
TADF-M-01402,150.0,toluene,,,,
TADF-M-01403,210.0,toluene,2860.0,toluene,2800.0,toluene
TADF-M-01404,190.0,toluene,,,,
TADF-M-01254,80.0,toluene,,,,
TADF-M-01255,110.0,toluene,,,,
TADF-M-01405,120.0,toluene,,,,
TADF-M-01257,90.0,toluene,,,,
TADF-M-01258,150.0,toluene,,,,
TADF-M-01259,140.0,toluene,,,,
TADF-M-01343,140.0,toluene,,,,
TADF-M-01407,140.0,toluene,,,,
TADF-M-01408,140.0,toluene,,,,
TADF-M-01409,130.0,toluene,2680.0,toluene,2550.0,toluene
TADF-M-01410,110.0,toluene,2720.0,toluene,2610.0,toluene
TADF-M-01411,140.0,toluene,,,,
TADF-M-01412,30.0,toluene,,,,
TADF-M-01413,140.0,toluene,,,,
TADF-M-01414,90.0,toluene,,,,
TADF-M-01415,180.0,toluene,,,,
TADF-M-01416,80.0,toluene,,,,
TADF-M-01417,150.0,toluene,,,,
TADF-M-01418,150.0,toluene,,,,
TADF-M-01419,120.0,toluene,,,,
TADF-M-01420,180.0,toluene,,,,
TADF-M-01421,140.0,toluene,,,,
TADF-M-00850,140.0,toluene,,,,
TADF-M-01422,140.0,toluene,,,,
TADF-M-01423,90.0,toluene,,,,
TADF-M-01424,130.0,toluene,,,,
TADF-M-01425,110.0,toluene,,,,
TADF-M-01427,60.0,toluene,,,,
TADF-M-01428,10.0,toluene,,,,
TADF-M-01429,250.0,toluene,,,,
TADF-M-01432,230.0,toluene,,,,
TADF-M-01433,190.0,toluene,,,,
TADF-M-01434,90.0,toluene,2610.0,toluene,2520.0,toluene
TADF-M-01435,130.0,toluene,,,,
TADF-M-01436,90.0,toluene,,,,
TADF-M-01437,110.0,2-MeTHF,,,,
TADF-M-01438,80.0,toluene,,,,
TADF-M-01439,80.0,toluene,,,,
TADF-M-01440,60.0,toluene,,,,
TADF-M-01441,40.0,PS,,,,
TADF-M-01442,40.0,PS,,,,
TADF-M-01443,100.0,toluene,,,,
TADF-M-01332,180.0,toluene,,,,
TADF-M-01331,150.0,toluene,,,,
TADF-M-01333,110.0,toluene,,,,
TADF-M-01444,140.0,toluene,2740.0,THF,2600.0,THF
TADF-M-01027,120.0,CH2Cl2,,,,
TADF-M-01448,310.0,CH2Cl2,,,,
TADF-M-01449,190.0,CH2Cl2,,,,
TADF-M-01450,150.0,PMMA,,,,
TADF-M-01445,200.0,toluene,,,,
TADF-M-01446,160.0,toluene,,,,
TADF-M-01447,150.0,toluene,,,,
TADF-M-01451,140.0,PMMA,,,,
TADF-M-01452,110.0,PMMA,,,,
TADF-M-01453,200.0,toluene,,,,
TADF-M-01454,120.0,toluene,,,,
TADF-M-01455,190.0,toluene,,,,
TADF-M-01456,170.0,PMMA,,,,
TADF-M-01458,80.0,mCP,,,,
TADF-M-01459,120.0,toluene,,,,
TADF-M-01460,110.0,toluene,,,,
TADF-M-01463,50.0,DBFPO,,,,
TADF-M-01466,200.0,toluene,,,,
TADF-M-01467,200.0,toluene,,,,
TADF-M-01355,150.0,toluene,,,,
TADF-M-01356,160.0,toluene,,,,
TADF-M-01469,170.0,toluene,,,,
TADF-M-01470,150.0,toluene,,,,
TADF-M-01471,150.0,toluene,,,,
TADF-M-01472,170.0,toluene,,,,
TADF-M-01473,140.0,toluene,,,,
TADF-M-01474,170.0,toluene,,,,
TADF-M-01475,150.0,toluene,,,,
TADF-M-00950,160.0,toluene,,,,
TADF-M-01477,240.0,toluene,,,,
TADF-M-01478,250.0,toluene,,,,
TADF-M-01479,120.0,toluene,,,,
TADF-M-01480,60.0,PMMA,,,,
TADF-M-01481,210.0,toluene,,,,
TADF-M-01482,50.0,toluene,,,,
TADF-M-01483,60.0,toluene,,,,
TADF-M-01484,100.0,toluene,,,,
TADF-M-01485,29.0,PMMA,,,,
TADF-M-00913,40.0,toluene,2780.0,toluene,2740.0,toluene
TADF-M-01486,70.0,toluene,,,,
TADF-M-01487,50.0,toluene,,,,
TADF-M-01488,70.0,toluene,,,,
TADF-M-01489,10.0,toluene,,,,
TADF-M-01457,40.0,toluene,,,,
TADF-M-01490,40.0,toluene,,,,
TADF-M-01491,40.0,toluene,,,,
TADF-M-01492,8.5,PMMA,,,,
TADF-M-01493,6.0,PMMA,,,,
TADF-M-01494,4.8999999999999995,PMMA,,,,
TADF-M-01495,12.0,PS,,,,
TADF-M-01496,21.0,PS,,,,
TADF-M-01497,3.9,PS,,,,
TADF-M-01498,19.0,PS,,,,
TADF-M-01499,150.0,toluene,,,,
TADF-M-01500,100.0,toluene,,,,
TADF-M-01501,430.0,toluene,,,,
TADF-M-01502,400.0,toluene,,,,
TADF-M-01503,280.0,toluene,,,,
TADF-M-01504,170.0,mCBP,,,,
TADF-M-01506,310.0,THF,3120.0,THF,2810.0,THF
TADF-M-01507,240.0,THF,,,,
TADF-M-01508,40.0,toluene,,,,
TADF-M-01511,110.0,DPEPO,,,,
TADF-M-01512,60.0,DPEPO,,,,
TADF-M-01513,80.0,DPEPO,,,,
TADF-M-01514,10.0,toluene,,,,
TADF-M-01515,20.0,toluene,,,,
TADF-M-01516,200.0,toluene,,,,
TADF-M-01517,10.0,toluene,,,,
TADF-M-01518,70.0,DPEPO,,,,
TADF-M-01519,10.0,toluene,,,,
TADF-M-01520,10.0,toluene,2770.0,toluene,2760.0,toluene
TADF-M-01521,10.0,toluene,2640.0,toluene,2630.0,toluene
TADF-M-01522,50.0,TCTA,,,,
TADF-M-01523,60.0,TCTA,,,,
TADF-M-01524,400.0,neat film,,,,
TADF-M-01525,260.0,toluene,,,,
TADF-M-01526,150.0,toluene,,,,
TADF-M-01054,280.0,toluene,,,,
TADF-M-01055,240.0,toluene,,,,
TADF-M-01527,130.0,toluene,,,,
TADF-M-01528,200.0,toluene,,,,
TADF-M-01529,290.0,toluene,,,,
TADF-M-01530,260.0,toluene,3020.0,neat film,2770.0,neat film
TADF-M-01531,210.0,toluene,,,,
TADF-M-01532,220.0,toluene,,,,
TADF-M-01533,90.0,neat film,,,,
TADF-M-01534,60.0,neat film,,,,
TADF-M-01535,10.0,neat film,,,,
TADF-M-01536,290.0,neat film,,,,
TADF-M-01549,180.0,toluene,,,,
TADF-M-01550,110.0,toluene,,,,
TADF-M-01551,110.0,toluene,,,,
TADF-M-01552,150.0,toluene,,,,
TADF-M-01553,140.0,toluene,,,,
TADF-M-01554,140.0,toluene,,,,
TADF-M-01555,170.0,toluene,,,,
TADF-M-01542,150.0,toluene,,,,
TADF-M-01543,140.0,toluene,,,,
TADF-M-01544,160.0,toluene,,,,
TADF-M-01545,160.0,toluene,,,,
TADF-M-01558,170.0,toluene,2460.0,toluene,2290.0,toluene
TADF-M-01559,130.0,toluene,2420.0,toluene,2290.0,toluene
TADF-M-01561,180.0,toluene,,,,
TADF-M-01562,100.0,PMMA,,,,
TADF-M-01566,140.0,toluene,,,,
TADF-M-01567,140.0,toluene,,,,
TADF-M-01574,370.0,neat film,3080.0,neat film,2710.0,neat film
TADF-M-01575,140.0,neat film,2740.0,neat film,2600.0,neat film
TADF-M-01576,400.0,neat film,2910.0,neat film,2520.0,neat film
TADF-M-01163,120.0,toluene,2840.0,neat film,2720.0,neat film
TADF-M-01164,115.0,toluene,2840.0,neat film,2740.0,neat film
TADF-M-01165,80.0,toluene,2800.0,toluene,2720.0,toluene
TADF-M-01166,90.0,toluene,2820.0,toluene,2730.0,toluene
TADF-M-01167,110.0,toluene,2650.0,toluene,2540.0,toluene
TADF-M-01581,60.0,PPF,,,,
TADF-M-01582,270.0,PPF,,,,
TADF-M-02653,80.0,neat film,,,,
TADF-M-02654,60.0,neat film,,,,
TADF-M-02655,110.0,neat film,,,,
TADF-M-00196,110.0,neat film,,,,
TADF-M-01043,300.0,PPF,3100.0,PPF,2800.0,PPF
TADF-M-01044,120.0,PPF,2810.0,PPF,2690.0,PPF
TADF-M-01045,60.0,PPF,3020.0,PPF,2960.0,PPF
TADF-M-02656,1250.0,toluene,4000.0,toluene,2750.0,toluene
TADF-M-02657,1220.0,toluene,3960.0,toluene,2740.0,toluene
TADF-M-02658,1190.0,toluene,3970.0,toluene,2790.0,toluene
TADF-M-02659,620.0,toluene,3230.0,toluene,2610.0,toluene
TADF-M-01586,180.0,2-MeTHF,2570.0,2-MeTHF,2380.0,2-MeTHF
TADF-M-01587,160.0,2-MeTHF,2520.0,2-MeTHF,2360.0,2-MeTHF
TADF-M-00262,121.0,toluene,,,,
TADF-M-00261,47.0,toluene,,,,
TADF-M-02665,400.0,2-MeTHF,3080.0,2-MeTHF,2680.0,2-MeTHF
TADF-M-02666,310.0,2-MeTHF,2950.0,2-MeTHF,2640.0,2-MeTHF
TADF-M-02667,280.0,2-MeTHF,2910.0,2-MeTHF,2630.0,2-MeTHF
TADF-M-02668,260.0,2-MeTHF,2930.0,2-MeTHF,2670.0,2-MeTHF
TADF-M-02669,220.0,2-MeTHF,2870.0,2-MeTHF,2650.0,2-MeTHF
TADF-M-01598,150.0,mCBP,2780.0,mCBP,2630.0,mCBP
TADF-M-01599,160.0,mCBP,2760.0,mCBP,2600.0,mCBP
TADF-M-02671,290.0,toluene,2800.0,toluene,2510.0,toluene
TADF-M-02672,310.0,toluene,2760.0,toluene,2450.0,toluene
TADF-M-02673,200.0,DPEPO,3110.0,DPEPO,2910.0,DPEPO
TADF-M-01979,200.0,DPEPO,3020.0,DPEPO,2820.0,DPEPO
TADF-M-01978,190.0,DPEPO,3050.0,DPEPO,2860.0,DPEPO
TADF-M-01980,100.0,DPEPO,2980.0,DPEPO,2880.0,DPEPO
TADF-M-01605,170.0,mCP,2780.0,mCP,2610.0,mCP
TADF-M-01607,50.0,mCP,2650.0,mCP,2600.0,mCP
TADF-M-01608,60.0,mCP,2690.0,mCP,2630.0,mCP
TADF-M-01610,140.0,zeonex,,,,
TADF-M-01611,300.0,zeonex,,,,
TADF-M-00648,230.0,zeonex,,,,
TADF-M-01614,40.0,CBP,,,,
TADF-M-01615,80.0,CBP,,,,
TADF-M-01616,130.0,CBP,,,,
TADF-M-01617,200.0,CBP,,,,
TADF-M-01618,90.0,CBP,,,,
TADF-M-01628,260.0,toluene,,,,
TADF-M-01629,210.0,toluene,,,,
TADF-M-02675,6.0,toluene,,,,
TADF-M-02676,20.0,toluene,,,,
TADF-M-02677,13.0,toluene,,,,
TADF-M-01632,70.0,toluene,2990.0,toluene,2920.0,toluene
TADF-M-01633,120.0,toluene,3040.0,toluene,2920.0,toluene
TADF-M-02689,160.0,PMMA,2750.0,PMMA,2580.0,PMMA
TADF-M-01645,350.0,toluene,2460.0,toluene,2110.0,toluene
TADF-M-00841,110.0,toluene,2230.0,toluene,2120.0,toluene
TADF-M-01646,,,2120.0,toluene,,
TADF-M-02690,180.0,toluene,,,2520.0,toluene
TADF-M-02691,230.0,toluene,,,2560.0,toluene
TADF-M-01666,330.0,THF,3130.0,THF,2800.0,THF
TADF-M-01667,150.0,THF,2930.0,THF,2780.0,THF
TADF-M-02698,290.0,toluene,2770.0,CH2Cl2,2740.0,toluene
TADF-M-02699,70.0,toluene,2130.0,CH2Cl2,2290.0,CH2Cl2
TADF-M-02700,350.0,toluene,2250.0,CH2Cl2,2250.0,CH2Cl2
TADF-M-01672,60.0,DPEPO,2760.0,DPEPO,2700.0,DPEPO
TADF-M-01673,30.0,DPEPO,2700.0,DPEPO,2670.0,DPEPO
TADF-M-02701,570.0,neat film,2850.0,neat film,3370.0,neat film
TADF-M-01674,420.0,zeonex,2960.0,zeonex,2540.0,zeonex
TADF-M-01675,460.0,zeonex,3020.0,zeonex,2560.0,zeonex
TADF-M-01676,100.0,mCBP,,,,
TADF-M-01677,100.0,mCBP,,,,
TADF-M-01678,45.0,mCBP,,,,
TADF-M-01682,300.0,zeonex,2850.0,zeonex,2550.0,zeonex
TADF-M-01683,370.0,zeonex,2830.0,zeonex,2460.0,zeonex
TADF-M-01684,490.0,zeonex,2830.0,zeonex,2340.0,zeonex
TADF-M-00052,260.0,PPF,3090.0,PPF,2830.0,PPF
TADF-M-00053,240.0,PPF,3010.0,PPF,2770.0,PPF
TADF-M-01685,200.0,THF,2900.0,THF,2700.0,THF
TADF-M-01686,190.0,THF,2820.0,THF,2630.0,THF
TADF-M-01687,,,,,3030.0,2-MeTHF
TADF-M-01688,,,,,3030.0,2-MeTHF
TADF-M-01689,,,,,2940.0,2-MeTHF
TADF-M-00046,250.0,PPF,3070.0,PPF,2820.0,PPF
TADF-M-00048,250.0,PPF,3100.0,PPF,2850.0,PPF
TADF-M-00045,260.0,PPF,3060.0,PPF,2800.0,PPF
TADF-M-00047,290.0,PPF,3090.0,PPF,2800.0,PPF
TADF-M-00044,300.0,PPF,3100.0,PPF,2800.0,PPF
TADF-M-01690,,,2672.0,neat film,2620.0,neat film
TADF-M-00774,,,2605.0,neat film,2536.0,neat film
TADF-M-01691,280.0,THF,3040.0,THF,2760.0,THF
TADF-M-01692,180.0,THF,2880.0,THF,2700.0,THF
TADF-M-02702,150.0,THF,2770.0,THF,2620.0,THF
TADF-M-02703,160.0,THF,2740.0,THF,2580.0,THF
TADF-M-01693,80.0,THF,,,,
TADF-M-00092,80.0,THF,,,,
TADF-M-02705,240.0,neat film,3060.0,neat film,2780.0,neat film
TADF-M-02706,210.0,neat film,2990.0,neat film,2780.0,neat film
TADF-M-02707,200.0,neat film,2910.0,neat film,2710.0,neat film
TADF-M-02708,280.0,neat film,3010.0,neat film,2730.0,neat film
TADF-M-02709,240.0,neat film,2960.0,neat film,2720.0,neat film
TADF-M-02719,290.0,neat film,3220.0,neat film,2930.0,neat film
TADF-M-02720,240.0,neat film,3160.0,neat film,2920.0,neat film
TADF-M-02721,110.0,neat film,3050.0,neat film,2940.0,neat film
TADF-M-01695,510.0,zeonex,2920.0,zeonex,2410.0,zeonex
TADF-M-01696,520.0,zeonex,2930.0,zeonex,2410.0,zeonex
TADF-M-01697,490.0,zeonex,2880.0,zeonex,2390.0,zeonex
TADF-M-01698,510.0,zeonex,2910.0,zeonex,2400.0,zeonex
TADF-M-01699,280.0,zeonex,2870.0,zeonex,2590.0,zeonex
TADF-M-01700,140.0,zeonex,2690.0,zeonex,2550.0,zeonex
TADF-M-01701,120.0,zeonex,2630.0,zeonex,2510.0,zeonex
TADF-M-00136,140.0,zeonex,2580.0,zeonex,2440.0,zeonex
TADF-M-02722,70.0,CzSi,2710.0,CzSi,2640.0,CzSi
TADF-M-02723,200.0,CzSi,2940.0,CzSi,2740.0,CzSi
TADF-M-01702,-40.0,neat film,2530.0,neat film,2570.0,neat film
TADF-M-01703,20.0,neat film,2550.0,neat film,2530.0,neat film
TADF-M-02724,70.0,neat film,2440.0,neat film,2370.0,neat film
TADF-M-02725,10.0,neat film,2240.0,neat film,2230.0,neat film
TADF-M-02726,20.0,neat film,2280.0,neat film,2260.0,neat film
TADF-M-02727,10.0,neat film,2240.0,neat film,2230.0,neat film
TADF-M-01704,30.0,toluene,2960.0,toluene,2930.0,toluene
TADF-M-01705,10.0,toluene,2910.0,toluene,2900.0,toluene
TADF-M-01706,140.0,DPEPO,2860.0,DPEPO,2720.0,DPEPO
TADF-M-01707,120.0,DPEPO,2820.0,DPEPO,2700.0,DPEPO
TADF-M-01708,170.0,DPEPO,2930.0,DPEPO,2760.0,DPEPO
TADF-M-02732,,,,,2860.0,2-MeTHF
TADF-M-02733,,,,,2560.0,2-MeTHF
TADF-M-02734,,,,,2830.0,2-MeTHF
TADF-M-02735,,,,,2780.0,2-MeTHF
TADF-M-02736,,,,,2880.0,2-MeTHF
TADF-M-02747,90.0,toluene,,,,
TADF-M-02748,90.0,toluene,,,,
TADF-M-01744,32.29,PhCzBCz,,,,
TADF-M-01747,24.58,PhCzBCz,,,,
TADF-M-01748,22.16,PhCzBCz,,,,
TADF-M-01749,260.0,toluene,2140.0,toluene,1880.0,toluene
TADF-M-01750,,,3050.0,neat film,,
TADF-M-02364,220.0,PPT,3140.0,PPT,2920.0,PPT
TADF-M-02365,210.0,PPT,3020.0,PPT,2810.0,PPT
TADF-M-02749,90.0,toluene,2880.0,toluene,2790.0,toluene
TADF-M-02750,180.0,toluene,3040.0,toluene,2860.0,toluene
TADF-M-02751,250.0,toluene,3120.0,toluene,2870.0,toluene
TADF-M-02752,220.0,toluene,3110.0,toluene,2890.0,toluene
TADF-M-02753,,,3420.0,toluene,2880.0,toluene
TADF-M-02754,,,3270.0,toluene,2830.0,toluene
TADF-M-02755,,,3320.0,toluene,2820.0,toluene
TADF-M-02759,,,3150.0,toluene,2910.0,toluene
TADF-M-02760,,,3470.0,toluene,2850.0,toluene
TADF-M-02761,,,3840.0,toluene,3280.0,toluene
TADF-M-02762,20.0,toluene,2560.0,toluene,2540.0,toluene
TADF-M-00392,150.0,toluene,2700.0,toluene,2550.0,toluene
TADF-M-01340,210.0,PMMA,,,,
TADF-M-00134,10.0,toluene,,,,
TADF-M-01780,180.0,PMMA,,,,
TADF-M-01781,190.0,PMMA,,,,
TADF-M-01782,160.0,DPEPO,2890.0,DPEPO,,
TADF-M-01804,60.0,neat film,,,,
TADF-M-01805,100.0,neat film,,,,
TADF-M-01806,40.0,neat film,,,,
TADF-M-02772,10.0,neat film,2740.0,neat film,2730.0,neat film
TADF-M-02773,60.0,neat film,2810.0,neat film,2750.0,neat film
TADF-M-02774,30.0,neat film,2740.0,neat film,2710.0,neat film
TADF-M-00482,42.0,toluene,2561.0,toluene,,
TADF-M-01811,36.0,toluene,2524.0,toluene,,
TADF-M-01812,29.0,toluene,2508.0,toluene,,
TADF-M-01816,,,3250.0,DPEPO,2920.0,DPEPO
TADF-M-01817,,,3350.0,DPEPO,2920.0,DPEPO
TADF-M-01820,,,3130.0,mCP,2880.0,mCP
TADF-M-01821,,,3120.0,mCP,2940.0,mCP
TADF-M-02787,20.0,CBP,2330.0,CBP,2310.0,CBP
TADF-M-02788,10.0,CBP,2320.0,CBP,2310.0,CBP
TADF-M-02789,10.0,CBP,2260.0,CBP,2250.0,CBP
TADF-M-02790,10.0,CBP,2320.0,CBP,2310.0,CBP
TADF-M-02791,320.0,CBP,2500.0,CBP,2330.0,PPT
TADF-M-02792,150.0,CBP,2330.0,CBP,2230.0,2-MeTHF
TADF-M-02793,60.0,CBP,2230.0,CBP,2170.0,CBP
TADF-M-01825,200.0,2-MeTHF,2450.0,2-MeTHF,2250.0,2-MeTHF
TADF-M-01826,0.0,2-MeTHF,2120.0,2-MeTHF,2120.0,2-MeTHF
TADF-M-01827,230.0,2-MeTHF,2560.0,2-MeTHF,2330.0,2-MeTHF
TADF-M-01828,10.0,2-MeTHF,2340.0,2-MeTHF,2330.0,2-MeTHF
TADF-M-02778,320.0,2-MeTHF,2420.0,2-MeTHF,2100.0,2-MeTHF
TADF-M-02799,190.0,toluene,3070.0,toluene,2870.0,toluene
TADF-M-00264,50.0,toluene,,,,
TADF-M-02794,20.0,zeonex,,,,
TADF-M-02795,11.0,zeonex,,,,
TADF-M-02796,21.0,zeonex,,,,
TADF-M-01843,40.0,toluene,2280.0,toluene,,
TADF-M-01851,34.0,neat film,,,,
TADF-M-01884,340.0,toluene,,,,
TADF-M-01885,400.0,toluene,,,,
TADF-M-01886,340.0,toluene,,,,
TADF-M-01887,320.0,toluene,,,,
TADF-M-01888,220.0,toluene,,,,
TADF-M-00594,10.0,2-MeTHF,2160.0,2-MeTHF,2150.0,2-MeTHF
TADF-M-01858,10.0,2-MeTHF,2150.0,2-MeTHF,2140.0,2-MeTHF
TADF-M-01859,100.0,2-MeTHF,2320.0,2-MeTHF,2220.0,2-MeTHF
TADF-M-02800,80.0,mCP,2920.0,mCP,2840.0,mCP
TADF-M-01873,70.0,mCP,2640.0,mCP,2570.0,mCP
TADF-M-02801,50.0,mCP,2810.0,mCP,2760.0,mCP
TADF-M-01872,90.0,neat film,2780.0,neat film,2690.0,neat film
TADF-M-01874,40.0,neat film,2630.0,neat film,2590.0,neat film
TADF-M-01892,310.0,neat film,,,,
TADF-M-01893,290.0,neat film,,,,
TADF-M-01894,550.0,neat film,,,,
TADF-M-02802,20.0,cyclohexane,2550.0,cyclohexane,2530.0,cyclohexane
TADF-M-02803,70.0,cyclohexane,2600.0,cyclohexane,2530.0,cyclohexane
TADF-M-01903,110.0,CBP,2350.0,CBP,2240.0,CBP
TADF-M-01904,150.0,CBP,2380.0,CBP,2230.0,CBP
TADF-M-01897,180.0,mCP,,,,
TADF-M-01901,210.0,toluene,2290.0,toluene,2080.0,toluene
TADF-M-01902,250.0,toluene,2350.0,toluene,2100.0,toluene
TADF-M-00460,,,4080.0,2-MeTHF,2950.0,2-MeTHF
TADF-M-01907,,,4180.0,2-MeTHF,3180.0,2-MeTHF
TADF-M-01908,,,3870.0,2-MeTHF,3100.0,2-MeTHF
TADF-M-01925,-140.0,2-MeTHF,,,,
TADF-M-01926,-120.0,2-MeTHF,,,,
TADF-M-01927,50.0,2-MeTHF,,,,
TADF-M-01928,-90.0,2-MeTHF,,,,
TADF-M-00166,16.8,mCP,,,,
TADF-M-01938,-138.0,THF,2950.0,PPF,3000.0,THF
TADF-M-01939,320.0,THF,,,,
TADF-M-01940,50.0,THF,,,,
TADF-M-02811,260.0,zeonex,2740.0,zeonex,2480.0,zeonex
TADF-M-02812,240.0,zeonex,2510.0,zeonex,2270.0,zeonex
TADF-M-02813,220.0,zeonex,2880.0,zeonex,2660.0,zeonex
TADF-M-02814,240.0,zeonex,2810.0,zeonex,2570.0,zeonex
TADF-M-02815,320.0,zeonex,2900.0,zeonex,2580.0,zeonex
TADF-M-02816,300.0,zeonex,2710.0,zeonex,2400.0,zeonex
TADF-M-02817,350.0,zeonex,3090.0,zeonex,2740.0,zeonex
TADF-M-02818,350.0,zeonex,3060.0,zeonex,2710.0,zeonex
TADF-M-02819,270.0,zeonex,2790.0,zeonex,2520.0,zeonex
TADF-M-02820,200.0,zeonex,2730.0,zeonex,2530.0,zeonex
TADF-M-00434,,,3550.0,neat film,2630.0,neat film
TADF-M-02821,,,2990.0,neat film,2600.0,neat film
TADF-M-01943,330.0,toluene,,,,
TADF-M-01944,280.0,toluene,,,,
TADF-M-01786,200.0,toluene,,,,
TADF-M-01945,40.0,toluene,,,,
TADF-M-01946,20.0,toluene,,,,
TADF-M-00684,380.0,PLA,3140.0,PLA,2760.0,PLA
TADF-M-00685,570.0,PLA,3200.0,PLA,2630.0,PLA
TADF-M-00682,450.0,PLA,3170.0,PLA,2720.0,PLA
TADF-M-00683,50.0,CBP,2700.0,CBP,2650.0,CBP
TADF-M-01947,90.0,toluene,2570.0,toluene,2480.0,toluene
TADF-M-01950,60.0,toluene,,,,
TADF-M-01951,100.0,toluene,,,,
TADF-M-02823,240.0,toluene,2180.0,toluene,1940.0,toluene
TADF-M-02824,290.0,toluene,2390.0,toluene,2100.0,toluene
TADF-M-01957,50.0,mCP,,,,
TADF-M-01958,260.0,toluene,2210.0,toluene,,
TADF-M-01959,280.0,toluene,2210.0,toluene,,
TADF-M-01960,,,3000.0,neat film,2980.0,neat film
TADF-M-01961,,,3000.0,neat film,2980.0,neat film
TADF-M-02825,,,2670.0,toluene,2200.0,toluene
TADF-M-02826,,,2490.0,toluene,2250.0,toluene
TADF-M-00662,80.0,neat film,,,,
TADF-M-02827,,,2427.0,CH2Cl2,2190.0,toluene
TADF-M-02828,,,2434.0,CH2Cl2,2320.0,toluene
TADF-M-02830,,,3140.0,neat film,2700.0,neat film
TADF-M-02831,,,3010.0,neat film,2830.0,neat film
TADF-M-02832,,,2970.0,neat film,2550.0,neat film
TADF-M-01962,160.0,toluene,2340.0,toluene,2180.0,toluene
TADF-M-01963,80.0,toluene,2280.0,toluene,2200.0,toluene
TADF-M-02840,20.0,hexane,2550.0,hexane,2530.0,hexane
TADF-M-02834,460.0,neat film,2880.0,neat film,2420.0,neat film
TADF-M-02835,510.0,neat film,3100.0,neat film,2590.0,neat film
TADF-M-02836,470.0,neat film,2820.0,neat film,2350.0,neat film
TADF-M-02837,600.0,neat film,2830.0,neat film,2230.0,neat film
TADF-M-02838,350.0,neat film,2560.0,neat film,2210.0,neat film
TADF-M-02839,440.0,neat film,2670.0,neat film,2230.0,neat film
TADF-M-01964,150.0,TPBi,,,,
TADF-M-01965,80.0,TPBi,,,,
TADF-M-02845,390.0,toluene,2900.0,toluene,2510.0,toluene
TADF-M-02846,380.0,toluene,2880.0,toluene,2500.0,toluene
TADF-M-02847,360.0,2-MeTHF,,,,
TADF-M-02848,430.0,2-MeTHF,,,,
TADF-M-02849,810.0,toluene,3630.0,toluene,2820.0,toluene
TADF-M-02850,640.0,toluene,3320.0,toluene,2680.0,toluene
TADF-M-01968,210.0,PS,,,,
TADF-M-01969,130.0,PS,,,,
TADF-M-02853,52.0,PMMA,,,,
TADF-M-02854,69.0,PMMA,,,,
TADF-M-02855,45.0,PMMA,,,,
TADF-M-02856,337.0,PMMA,,,,
TADF-M-01970,160.0,2-MeTHF,,,,
TADF-M-01972,20.0,toluene,2920.0,toluene,2900.0,toluene
TADF-M-01973,160.0,toluene,3050.0,toluene,2890.0,toluene
TADF-M-01974,220.0,toluene,3140.0,toluene,2920.0,toluene
TADF-M-02861,250.0,toluene,2100.0,toluene,1850.0,toluene
TADF-M-02862,230.0,toluene,2080.0,toluene,1850.0,toluene
TADF-M-02863,230.0,toluene,2050.0,toluene,1820.0,toluene
TADF-M-01975,170.0,toluene,2880.0,toluene,2710.0,toluene
TADF-M-01976,170.0,toluene,2880.0,toluene,2710.0,toluene
TADF-M-00673,,,,,2670.0,zeonex
TADF-M-02864,,,,,2750.0,zeonex
TADF-M-00762,140.0,2-MeTHF,2520.0,2-MeTHF,2380.0,2-MeTHF
TADF-M-00763,180.0,2-MeTHF,2540.0,2-MeTHF,2360.0,2-MeTHF
TADF-M-00764,30.0,2-MeTHF,2440.0,2-MeTHF,2410.0,2-MeTHF
TADF-M-01984,,,2800.0,TCTA,2770.0,TCTA
TADF-M-00765,250.0,neat film,2700.0,neat film,2450.0,neat film
TADF-M-01987,180.0,neat film,2630.0,neat film,2440.0,neat film
TADF-M-01988,460.0,neat film,2750.0,neat film,2340.0,neat film
TADF-M-01989,210.0,neat film,2610.0,neat film,2390.0,neat film
TADF-M-01990,460.0,neat film,2700.0,neat film,2300.0,neat film
TADF-M-02865,390.0,2-MeTHF,3310.0,2-MeTHF,2920.0,2-MeTHF
TADF-M-02866,470.0,2-MeTHF,3140.0,2-MeTHF,2670.0,2-MeTHF
TADF-M-02867,120.0,2-MeTHF,3000.0,2-MeTHF,2880.0,2-MeTHF
TADF-M-01995,590.0,CHCl3,,,,
TADF-M-01996,220.0,CHCl3,,,,
TADF-M-01997,460.0,CHCl3,,,,
TADF-M-01998,470.0,CHCl3,,,,
TADF-M-01999,640.0,CHCl3,,,,
TADF-M-02000,380.0,CHCl3,,,,
TADF-M-02009,380.0,zeonex,2980.0,zeonex,2600.0,zeonex
TADF-M-02010,280.0,zeonex,2880.0,zeonex,2600.0,zeonex
TADF-M-02011,250.0,zeonex,3070.0,zeonex,2820.0,zeonex
TADF-M-02012,120.0,zeonex,3050.0,zeonex,2930.0,zeonex
TADF-M-02013,130.0,zeonex,2710.0,zeonex,2580.0,zeonex
TADF-M-02014,390.0,zeonex,2970.0,zeonex,2580.0,zeonex
TADF-M-02015,,,,,2710.0,toluene
TADF-M-02016,,,,,2710.0,toluene
TADF-M-02017,,,,,2710.0,toluene
TADF-M-00634,40.0,CBP,2540.0,CBP,2500.0,CBP
TADF-M-02018,70.0,CBP,2680.0,CBP,2610.0,CBP
TADF-M-02019,110.0,CBP,2640.0,CBP,2530.0,CBP
TADF-M-02020,160.0,CBP,2820.0,CBP,2660.0,CBP
TADF-M-00647,200.0,mCP,2750.0,mCP,2550.0,mCP
TADF-M-02021,100.0,mCP,2630.0,mCP,2530.0,mCP
TADF-M-02022,80.0,mCP,2640.0,mCP,2560.0,mCP
TADF-M-02023,40.0,mCP,2570.0,mCP,2610.0,mCP
TADF-M-02024,160.0,mCP,2410.0,mCP,2250.0,mCP
TADF-M-02025,10.0,mCP,2390.0,mCP,2380.0,mCP
TADF-M-02026,10.0,mCP,2330.0,mCP,2320.0,mCP
TADF-M-02868,60.0,neat film,2770.0,neat film,2710.0,neat film
TADF-M-02869,30.0,neat film,2670.0,neat film,2640.0,neat film
TADF-M-02870,20.0,neat film,2520.0,neat film,2500.0,neat film
TADF-M-02027,110.0,neat film,3090.0,neat film,2980.0,neat film
TADF-M-02028,420.0,neat film,3300.0,neat film,2880.0,neat film
TADF-M-02874,180.0,mCP,2580.0,mCP,2400.0,mCP
TADF-M-01871,190.0,mCP,2640.0,mCP,2450.0,mCP
TADF-M-02031,160.0,mCP,2360.0,mCP,2200.0,mCP
TADF-M-02875,120.0,toluene,2350.0,toluene,2230.0,toluene
TADF-M-02876,150.0,toluene,2320.0,toluene,2170.0,toluene
TADF-M-02878,120.0,"2,6-DCzPPy",2690.0,"2,6-DCzPPy",2570.0,"2,6-DCzPPy"
TADF-M-02038,30.0,toluene,3040.0,toluene,3010.0,toluene
TADF-M-02037,70.0,toluene,3090.0,toluene,3020.0,toluene
TADF-M-02882,470.0,neat film,3420.0,neat film,2950.0,neat film
TADF-M-00327,710.0,neat film,3560.0,neat film,2850.0,neat film
TADF-M-02879,80.0,CBP,2550.0,CBP,2470.0,CBP
TADF-M-02880,30.0,CBP,2520.0,CBP,2490.0,CBP
TADF-M-02881,130.0,2-MeTHF,2940.0,2-MeTHF,2810.0,2-MeTHF
TADF-M-02033,30.0,toluene,,,,
TADF-M-02034,50.0,toluene,,,,
TADF-M-02035,30.0,toluene,,,,
TADF-M-01269,100.0,toluene,,,,
TADF-M-01270,90.0,toluene,,,,
TADF-M-02036,110.0,toluene,,,,
TADF-M-02039,830.0,2-MeTHF,3890.0,2-MeTHF,3060.0,2-MeTHF
TADF-M-02040,620.0,2-MeTHF,3660.0,2-MeTHF,3040.0,2-MeTHF
TADF-M-02041,470.0,2-MeTHF,3510.0,2-MeTHF,3040.0,2-MeTHF
TADF-M-02042,410.0,2-MeTHF,3450.0,2-MeTHF,3040.0,2-MeTHF
TADF-M-02043,460.0,2-MeTHF,3500.0,2-MeTHF,3040.0,2-MeTHF
TADF-M-02044,220.0,toluene,2540.0,toluene,2320.0,toluene
TADF-M-02047,100.0,neat film,,,,
TADF-M-02048,30.0,neat film,,,,
TADF-M-02051,130.0,toluene,,,,
TADF-M-02049,130.0,toluene,,,,
TADF-M-02052,140.0,toluene,,,,
TADF-M-02053,150.0,toluene,,,,
TADF-M-02883,16.0,toluene,,,,
TADF-M-02890,130.0,toluene,2570.0,toluene,2440.0,toluene
TADF-M-02065,29.0,PPF,,,,
TADF-M-02066,55.0,PPF,,,,
TADF-M-02067,18.0,PPF,,,,
TADF-M-02085,160.0,toluene,2740.0,toluene,2570.0,toluene
TADF-M-02086,160.0,toluene,2670.0,toluene,2510.0,toluene
TADF-M-02087,130.0,toluene,2570.0,toluene,2440.0,toluene
TADF-M-02891,200.0,toluene,,,,
TADF-M-02892,170.0,toluene,,,,
TADF-M-02895,150.0,toluene,2610.0,toluene,2460.0,toluene
TADF-M-02896,170.0,toluene,2640.0,toluene,2470.0,toluene
TADF-M-02897,140.0,toluene,2480.0,toluene,2370.0,toluene
TADF-M-02898,460.0,mCP,2970.0,mCP,2510.0,mCP
TADF-M-02899,320.0,mCBP,2860.0,mCBP,2540.0,mCBP
TADF-M-02900,100.0,TCTA,2580.0,TCTA,2480.0,TCTA
TADF-M-00335,,,3260.0,neat film,2900.0,neat film
TADF-M-00334,,,3320.0,neat film,2700.0,neat film
TADF-M-00341,,,3000.0,neat film,2600.0,neat film
TADF-M-01985,,,3450.0,neat film,2780.0,neat film
TADF-M-02088,780.0,toluene,3720.0,toluene,2940.0,toluene
TADF-M-02089,1220.0,toluene,4410.0,toluene,3190.0,toluene
TADF-M-02090,1070.0,toluene,3800.0,toluene,2730.0,toluene
TADF-M-02091,300.0,toluene,3200.0,toluene,2900.0,toluene
TADF-M-02092,270.0,toluene,2970.0,toluene,2700.0,toluene
TADF-M-02093,20.0,CBP,2610.0,CBP,2590.0,CBP
TADF-M-02094,20.0,CBP,2540.0,CBP,2520.0,CBP
TADF-M-02095,30.0,CBP,2510.0,CBP,2480.0,CBP
TADF-M-02096,170.0,toluene,2940.0,toluene,2770.0,toluene
TADF-M-02097,230.0,toluene,2990.0,toluene,2760.0,toluene
TADF-M-02098,170.0,toluene,2260.0,toluene,2090.0,toluene
TADF-M-02099,280.0,toluene,2190.0,toluene,1910.0,toluene
TADF-M-02102,50.0,toluene,,,2970.0,toluene
TADF-M-02902,60.0,mCBP,,,,
TADF-M-02903,110.0,mCBP,,,,
TADF-M-02904,110.0,toluene,2940.0,toluene,2830.0,toluene
TADF-M-02905,70.0,toluene,2880.0,toluene,2810.0,toluene
TADF-M-02906,30.0,toluene,2870.0,toluene,2840.0,toluene
TADF-M-02113,,,,,2960.0,2-MeTHF
TADF-M-02114,,,,,2940.0,2-MeTHF
TADF-M-02115,,,,,2870.0,2-MeTHF
TADF-M-02116,140.0,toluene,2960.0,toluene,2820.0,toluene
TADF-M-02117,130.0,toluene,2970.0,toluene,2840.0,toluene
TADF-M-02118,240.0,toluene,3100.0,toluene,2860.0,toluene
TADF-M-00215,170.0,toluene,3110.0,toluene,2940.0,toluene
TADF-M-02119,190.0,toluene,3180.0,toluene,2990.0,toluene
TADF-M-00177,60.0,mCBP,2850.0,mCBP,2790.0,mCBP
TADF-M-02135,10.0,mCBP,2740.0,mCBP,2730.0,mCBP
TADF-M-00179,50.0,mCBP,2920.0,mCBP,2870.0,mCBP
TADF-M-02137,470.0,neat film,,,,
TADF-M-02138,130.0,neat film,,,,
TADF-M-02139,90.0,neat film,,,,
TADF-M-02140,10.0,neat film,,,,
TADF-M-02141,10.0,neat film,,,,
TADF-M-02142,60.0,neat film,,,,
TADF-M-02120,,,,,2550.0,neat film
TADF-M-02121,,,3180.0,neat film,2530.0,neat film
TADF-M-02124,,,2820.0,CBP,,
TADF-M-02125,,,2260.0,CBP,,
TADF-M-02126,,,2100.0,CBP,,
TADF-M-02127,,,1950.0,CBP,,
TADF-M-02128,,,2290.0,CBP,,
TADF-M-02129,,,2090.0,CBP,,
TADF-M-02130,80.0,toluene,2060.0,toluene,1980.0,toluene
TADF-M-02131,110.0,toluene,2040.0,toluene,1930.0,toluene
TADF-M-02132,130.0,toluene,2560.0,toluene,2430.0,toluene
TADF-M-02908,,,2480.0,toluene,2360.0,toluene
TADF-M-02909,,,2460.0,toluene,2360.0,toluene
TADF-M-02910,50.0,toluene,2870.0,toluene,2820.0,toluene
TADF-M-02911,20.0,toluene,2720.0,toluene,2700.0,toluene
TADF-M-02153,160.0,mCP,2450.0,mCP,,
TADF-M-02154,20.0,toluene,2180.0,toluene,2160.0,toluene
TADF-M-02155,20.0,toluene,2270.0,toluene,2250.0,toluene
TADF-M-00767,20.0,neat film,2840.0,neat film,2820.0,neat film
TADF-M-02200,30.0,neat film,2860.0,neat film,2830.0,neat film
TADF-M-00768,90.0,neat film,2930.0,neat film,2840.0,neat film
TADF-M-02201,43.0,2-MeTHF,2616.0,2-MeTHF,2573.0,2-MeTHF
TADF-M-00250,410.0,toluene,3340.0,toluene,2950.0,toluene
TADF-M-00114,270.0,toluene,3270.0,toluene,3030.0,toluene
TADF-M-00251,400.0,toluene,3390.0,toluene,3030.0,toluene
TADF-M-00818,170.0,toluene,,,2600.0,toluene
TADF-M-02919,,,,,2570.0,2-MeTHF
TADF-M-02920,,,,,2550.0,2-MeTHF
TADF-M-02161,20.0,neat film,,,,
TADF-M-02162,90.0,neat film,,,,
TADF-M-02164,350.0,neat film,3250.0,neat film,2900.0,neat film
TADF-M-02165,220.0,neat film,3080.0,neat film,2870.0,neat film
TADF-M-02166,200.0,neat film,3120.0,neat film,2920.0,neat film
TADF-M-02171,740.0,2-MeTHF,3430.0,2-MeTHF,2690.0,2-MeTHF
TADF-M-02172,910.0,2-MeTHF,3600.0,2-MeTHF,2690.0,2-MeTHF
TADF-M-02173,830.0,2-MeTHF,3510.0,2-MeTHF,2680.0,2-MeTHF
TADF-M-02174,640.0,2-MeTHF,3340.0,2-MeTHF,2700.0,2-MeTHF
TADF-M-02175,640.0,2-MeTHF,3340.0,2-MeTHF,2700.0,2-MeTHF
TADF-M-02176,640.0,2-MeTHF,3330.0,2-MeTHF,2690.0,2-MeTHF
TADF-M-02177,330.0,toluene,,,,
TADF-M-02178,290.0,toluene,,,,
TADF-M-02179,230.0,toluene,,,,
TADF-M-02922,10.0,toluene,2260.0,toluene,2250.0,toluene
TADF-M-02923,0.0,toluene,2290.0,toluene,2290.0,toluene
TADF-M-02924,-40.0,toluene,2310.0,toluene,2350.0,toluene
TADF-M-02925,-30.0,toluene,2250.0,toluene,2280.0,toluene
TADF-M-02183,36.0,toluene,,,,
TADF-M-02928,200.0,toluene,3170.0,toluene,2970.0,toluene
TADF-M-02929,260.0,toluene,3180.0,toluene,2920.0,toluene
TADF-M-02930,70.0,SiTrzCz2,3250.0,SiTrzCz2,3180.0,SiTrzCz2
TADF-M-02931,30.0,SiTrzCz2,3190.0,SiTrzCz2,3150.0,SiTrzCz2
TADF-M-02932,147.0,toluene,2825.0,toluene,2678.0,toluene
TADF-M-02933,45.0,toluene,2680.0,toluene,2635.0,toluene
TADF-M-00730,100.0,neat film,2820.0,neat film,2720.0,neat film
TADF-M-02934,,,2160.0,toluene,,
TADF-M-02935,,,2090.0,toluene,,
TADF-M-02936,30.0,toluene,2420.0,toluene,2390.0,toluene
TADF-M-02202,690.0,2-MeTHF,,,,
TADF-M-02203,430.0,2-MeTHF,,,,
TADF-M-02937,190.0,toluene,3050.0,toluene,2860.0,toluene
TADF-M-02938,150.0,toluene,2880.0,toluene,2730.0,toluene
TADF-M-02205,310.0,CBP,3100.0,CBP,2790.0,CBP
TADF-M-02206,100.0,CBP,3020.0,CBP,2920.0,CBP
TADF-M-02207,80.0,CBP,2720.0,CBP,2640.0,CBP
TADF-M-02208,90.0,CBP,2870.0,CBP,2780.0,CBP
TADF-M-02209,240.0,CBP,2740.0,CBP,2500.0,CBP
TADF-M-02210,320.0,CBP,2930.0,CBP,2610.0,CBP
TADF-M-00801,10.0,CBP,2330.0,CBP,2320.0,CBP
TADF-M-02211,120.0,mCP,2170.0,mCP,2050.0,mCP
TADF-M-02212,110.0,mCP,2160.0,mCP,2050.0,mCP
TADF-M-02213,160.0,toluene,3200.0,toluene,3040.0,toluene
TADF-M-02214,90.0,toluene,3120.0,toluene,3030.0,toluene
TADF-M-02939,75.0,CBP,2301.0,CBP,2226.0,CBP
TADF-M-02940,62.0,CBP,2222.0,CBP,2160.0,CBP
TADF-M-02941,57.0,CBP,2185.0,CBP,2128.0,CBP
TADF-M-02942,140.0,toluene,2840.0,toluene,2700.0,toluene
TADF-M-02943,170.0,toluene,2850.0,toluene,2680.0,toluene
TADF-M-02215,200.0,toluene,2580.0,toluene,2380.0,toluene
TADF-M-02063,230.0,toluene,,,,
TADF-M-02216,10.0,toluene,,,,
TADF-M-02946,,,3580.0,toluene,2850.0,toluene
TADF-M-02947,,,3590.0,toluene,2850.0,toluene
TADF-M-02217,350.0,toluene,2870.0,toluene,2520.0,toluene
TADF-M-02218,280.0,toluene,2760.0,toluene,2480.0,toluene
TADF-M-02219,390.0,toluene,2970.0,toluene,2580.0,toluene
TADF-M-02220,380.0,PMMA,,,,
TADF-M-02221,50.0,PMMA,,,,
TADF-M-02222,20.0,toluene,,,,
TADF-M-02223,20.0,toluene,,,,
TADF-M-02230,220.0,neat film,3030.0,neat film,2810.0,neat film
TADF-M-02231,140.0,neat film,2760.0,neat film,2620.0,neat film
TADF-M-02232,170.0,neat film,3050.0,neat film,2880.0,neat film
TADF-M-02233,180.0,neat film,3080.0,neat film,2900.0,neat film
TADF-M-02234,180.0,neat film,3050.0,neat film,2870.0,neat film
TADF-M-02235,180.0,neat film,3070.0,neat film,2890.0,neat film
TADF-M-02236,170.0,2-MeTHF,,,,
TADF-M-02237,190.0,toluene,2660.0,toluene,2470.0,toluene
TADF-M-02238,160.0,toluene,2340.0,toluene,2180.0,toluene
TADF-M-02239,160.0,toluene,2230.0,toluene,2070.0,toluene
TADF-M-00447,150.0,toluene,2590.0,mCP,2450.0,toluene
TADF-M-00449,240.0,toluene,,,,
TADF-M-00448,230.0,toluene,,,,
