Molecule_ID,λem,condition λem,Φ PLQY,condition Φ PLQY,FWHM,condition FWHM
TADF-M-00000,364.0,PMMA,,,,
TADF-M-00001,415.0,PMMA,44.0,PMMA,,
TADF-M-00002,500.0,neat film,33.0,neat film,,
TADF-M-00003,495.0,neat film,20.0,neat film,,
TADF-M-00004,540.0,neat film,2.0,neat film,,
TADF-M-00005,420.0,DPEPO,42.0,DPEPO,,
TADF-M-00006,404.0,PMMA,75.0,PMMA,,
TADF-M-00007,420.0,PMMA,37.0,zeonex,,
TADF-M-00008,412.0,PMMA,74.0,PMMA,,
TADF-M-00009,475.0,PMMA,5.0,PMMA,,
TADF-M-00010,408.0,toluene,80.0,toluene,,
TADF-M-00011,496.0,PMMA,75.0,PMMA,,
TADF-M-00012,442.0,toluene,6.0,toluene,,
TADF-M-00013,464.0,toluene,50.0,toluene,,
TADF-M-00014,402.0,toluene,81.0,toluene,,
TADF-M-00015,537.0,toluene,100.0,toluene,,
TADF-M-00016,437.0,DPEPO,71.0,DPEPO,,
TADF-M-00017,435.0,DPEPO,75.0,DPEPO,,
TADF-M-00018,490.0,toluene,67.0,toluene,,
TADF-M-00019,462.0,toluene,40.0,toluene,,
TADF-M-00020,451.0,toluene,67.0,toluene,,
TADF-M-00021,460.0,DPEPO,86.0,DPEPO,,
TADF-M-00022,465.0,DPEPO,73.0,DPEPO,,
TADF-M-00023,480.0,DPEPO,76.0,DPEPO,,
TADF-M-00024,460.0,DPEPO,83.0,DPEPO,,
TADF-M-00025,500.0,DPEPO,60.0,DPEPO,,
TADF-M-00026,450.0,DPEPO,73.0,DPEPO,,
TADF-M-00027,483.0,toluene,82.0,toluene,,
TADF-M-00028,531.0,toluene,80.0,toluene,,
TADF-M-00029,452.0,toluene,50.0,toluene,,
TADF-M-00049,452.0,zeonex,71.0,zeonex,,
TADF-M-00050,452.0,zeonex,66.0,zeonex,,
TADF-M-00051,441.0,zeonex,38.0,zeonex,,
TADF-M-00061,549.0,toluene,27.0,toluene,,
TADF-M-00062,557.0,toluene,19.0,toluene,,
TADF-M-00072,535.0,toluene,4.0,toluene,,
TADF-M-00073,575.0,toluene,,,,
TADF-M-00074,544.0,toluene,,,,
TADF-M-00075,455.0,PPT,58.0,PPT,,
TADF-M-00076,485.0,PPT,60.0,PPT,,
TADF-M-00077,483.0,mCP,47.0,mCP,,
TADF-M-00078,493.0,mCP,44.0,mCP,,
TADF-M-00079,495.0,DPEPO,11.0,DPEPO,,
TADF-M-00080,540.0,DPEPO,24.0,DPEPO,,
TADF-M-00081,560.0,DPEPO,36.0,DPEPO,,
TADF-M-00082,510.0,DPEPO,68.0,DPEPO,,
TADF-M-00083,581.0,CBP,28.0,CBP,,
TADF-M-00084,475.0,CBP,48.0,CBP,,
TADF-M-00085,519.0,CBP,65.0,CBP,,
TADF-M-00086,470.0,DPEPO,2.2,DPEPO,,
TADF-M-00087,520.0,DPEPO,13.0,DPEPO,,
TADF-M-00088,476.0,PPF,100.0,PPF,,
TADF-M-00089,483.0,PPF,93.0,PPF,,
TADF-M-00092,455.0,toluene,80.0,DBFPO,,
TADF-M-00093,447.0,toluene,90.0,DBFPO,,
TADF-M-00091,440.0,toluene,38.0,DBFPO,,
TADF-M-00090,458.0,toluene,98.5,toluene,,
TADF-M-00094,458.0,toluene,93.0,DBFPO,50.0,toluene
TADF-M-00095,456.0,toluene,99.0,DBFPO,55.0,toluene
TADF-M-00109,,,39.0,simulation,,
TADF-M-00110,,,40.0,simulation,,
TADF-M-00111,,,3.0,mCP,,
TADF-M-00112,,,28.0,mCP,,
TADF-M-01799,653.0,toluene,84.0,toluene,,
TADF-M-01802,690.0,toluene,57.0,toluene,,
TADF-M-02253,502.0,neat film,20.0,mCP,,
TADF-M-02254,598.0,neat film,17.0,mCP,,
TADF-M-00128,550.0,MeCN,9.0,MeCN,,
TADF-M-00129,,,98.0,toluene,36.0,toluene
TADF-M-00130,,,98.0,toluene,28.0,toluene
TADF-M-00131,,,86.0,toluene,29.0,toluene
TADF-M-00132,,,86.0,toluene,25.0,toluene
TADF-M-02255,451.0,toluene,86.0,toluene,,
TADF-M-02256,483.0,toluene,90.0,toluene,,
TADF-M-02257,458.0,toluene,88.0,toluene,,
TADF-M-02258,457.0,toluene,95.0,toluene,,
TADF-M-02259,456.0,toluene,42.0,neat film,,
TADF-M-02260,459.0,toluene,58.0,neat film,,
TADF-M-02262,472.0,toluene,,,,
TADF-M-02263,475.0,toluene,,,,
TADF-M-00156,462.0,PMMA,,,,
TADF-M-00157,479.0,DPEPO,,,,
TADF-M-02268,438.0,THF,,,,
TADF-M-02269,438.0,THF,,,,
TADF-M-02270,438.0,THF,,,,
TADF-M-02271,437.0,THF,,,,
TADF-M-02272,409.0,THF,,,,
TADF-M-00162,498.0,zeonex,39.0,zeonex,,
TADF-M-00164,478.0,toluene,43.0,toluene,,
TADF-M-00186,632.0,toluene,0.01,toluene,,
TADF-M-00187,694.0,toluene,0.17,zeonex,,
TADF-M-00188,630.0,toluene,0.41,toluene,,
TADF-M-00189,672.0,toluene,0.11,toluene,,
TADF-M-00269,522.0,toluene,0.03,PMMA,,
TADF-M-00270,500.0,toluene,0.04,PMMA,,
TADF-M-00271,481.0,toluene,0.1,toluene,,
TADF-M-00272,471.0,toluene,0.31,toluene,,
TADF-M-00273,527.0,toluene,0.06,PMMA,,
TADF-M-00274,515.0,toluene,0.05,PMMA,,
TADF-M-00283,446.0,DPEPO,,,,
TADF-M-00284,487.0,DPEPO,,,,
TADF-M-00290,543.0,THF,3.5,THF,,
TADF-M-00291,550.0,THF,2.0,THF,,
TADF-M-02273,,,35.6,neat film,,
TADF-M-02274,556.0,toluene,,,,
TADF-M-00312,508.0,toluene,73.0,DPEPO,,
TADF-M-00313,487.0,toluene,43.0,DPEPO,,
TADF-M-00314,473.0,toluene,74.0,DPEPO,,
TADF-M-00315,453.0,toluene,33.0,DPEPO,,
TADF-M-00317,443.0,toluene,49.0,toluene,63.0,toluene
TADF-M-00320,439.0,toluene,27.0,toluene,45.0,toluene
TADF-M-00321,453.0,toluene,21.0,toluene,48.0,toluene
TADF-M-00322,457.0,toluene,32.0,toluene,48.0,toluene
TADF-M-00323,438.0,toluene,83.0,mCBP,27.0,toluene
TADF-M-00324,443.0,toluene,64.0,toluene,21.0,toluene
TADF-M-02283,622.0,toluene,63.0,CBP,,
TADF-M-02284,658.0,toluene,65.0,CBP,,
TADF-M-00344,510.0,toluene,,,,
TADF-M-00345,524.0,toluene,,,,
TADF-M-00358,564.0,THF,,,,
TADF-M-02288,616.0,CBP,57.0,CBP,,
TADF-M-02289,640.0,CBP,36.0,CBP,,
TADF-M-02290,649.0,CBP,34.0,CBP,,
TADF-M-00140,,,0.8,THF,,
TADF-M-00361,,,1.9,THF,,
TADF-M-00364,617.0,toluene,83.0,CBP,,
TADF-M-00365,614.0,toluene,84.0,CBP,,
TADF-M-00369,516.0,neat film,40.82,neat film,,
TADF-M-00370,539.0,neat film,36.05,neat film,,
TADF-M-00371,566.0,neat film,13.4,neat film,,
TADF-M-00375,650.0,toluene,39.0,mCP,,
TADF-M-00376,600.0,toluene,73.0,mCP,,
TADF-M-02291,431.0,toluene,,,,
TADF-M-02292,428.0,toluene,,,,
TADF-M-00380,467.0,neat film,37.0,neat film,,
TADF-M-00382,507.0,BCPO,90.0,BCPO,,
TADF-M-00381,547.0,BCPO,69.0,BCPO,,
TADF-M-02298,496.0,PO-T2T,,,,
TADF-M-00383,484.0,mCP,,,,
TADF-M-00384,499.0,mCP,,,,
TADF-M-00385,513.0,mCP,,,,
TADF-M-02299,523.0,neat film,,,,
TADF-M-02300,495.0,neat film,,,,
TADF-M-02304,519.0,toluene,,,25.0,PhCzBCz
TADF-M-01310,509.0,PhCzBCz,,,34.0,PhCzBCz
TADF-M-02305,393.0,toluene,83.8,toluene,36.0,toluene
TADF-M-02306,416.0,toluene,84.2,toluene,49.0,toluene
TADF-M-02307,424.0,toluene,88.0,toluene,43.0,toluene
TADF-M-00389,459.0,toluene,88.0,PMMA,21.0,toluene
TADF-M-00390,464.0,toluene,,,35.0,toluene
TADF-M-00339,528.0,toluene,48.0,neat film,,
TADF-M-00340,528.0,toluene,50.0,neat film,,
TADF-M-02285,458.0,mCBP,65.0,toluene,58.0,mCBP
TADF-M-02286,470.0,toluene,78.0,toluene,58.0,mCBP
TADF-M-02287,487.0,mCBP,29.0,PPT,78.0,mCBP
TADF-M-00215,462.0,mCBP,58.0,DBFPO,65.0,mCBP
TADF-M-00216,471.0,mCBP,,,60.0,mCBP
TADF-M-00405,458.0,toluene,45.0,toluene,,
TADF-M-00404,453.0,toluene,20.0,toluene,,
TADF-M-02323,344.0,toluene,,,,
TADF-M-02324,381.0,toluene,,,,
TADF-M-00406,,,49.0,PS,,
TADF-M-00408,,,24.0,PS,,
TADF-M-00399,491.0,PPF,76.0,PPF,,
TADF-M-00400,484.0,PPF,58.0,PPF,,
TADF-M-00414,488.0,PMMA,46.4,PMMA,,
TADF-M-00418,,,44.0,neat film,,
TADF-M-02325,820.0,CBP,3.9,toluene,,
TADF-M-02326,493.0,toluene,9.9,toluene,,
TADF-M-02327,492.0,toluene,58.2,toluene,,
TADF-M-02329,564.0,toluene,42.0,toluene,,
TADF-M-02330,516.0,toluene,75.7,toluene,,
TADF-M-02332,544.0,toluene,3.9,toluene,,
TADF-M-01719,475.0,CzSi,63.0,CzSi,,
TADF-M-02334,488.0,CzSi,57.0,CzSi,,
TADF-M-00100,500.0,neat film,67.0,toluene,,
TADF-M-02335,516.0,PMMA,58.0,toluene,,
TADF-M-00438,371.0,PLA,,,,
TADF-M-00439,396.0,PLA,,,,
TADF-M-00440,405.0,PLA,,,,
TADF-M-00441,440.0,PLA,,,,
TADF-M-00442,451.0,PLA,,,,
TADF-M-02340,584.0,toluene,0.03,toluene,,
TADF-M-02341,586.0,toluene,0.01,hexane,,
TADF-M-02342,479.0,neat film,0.01,hexane,,
TADF-M-02343,562.0,toluene,0.01,hexane,,
TADF-M-02344,463.0,hexane,0.02,hexane,,
TADF-M-02345,485.0,toluene,0.05,hexane,,
TADF-M-00892,470.0,mCBP,90.0,DOBNA-OAr,19.0,mCBP
TADF-M-02346,504.0,PhCzBCz,,,27.0,PhCzBCz
TADF-M-02347,615.0,mCP,,,61.0,mCP
TADF-M-01341,462.0,DPEPO,96.0,toluene,24.0,mCBP
TADF-M-02348,472.0,mCP,,,16.6,mCP
TADF-M-00444,453.0,toluene,87.5,PPF,21.0,toluene
TADF-M-00445,463.0,toluene,92.1,PPF,21.0,toluene
TADF-M-02358,349.0,CH2Cl2,49.0,simulation,,
TADF-M-02357,349.0,CH2Cl2,58.0,simulation,,
TADF-M-02359,349.0,CH2Cl2,57.0,simulation,,
TADF-M-02360,532.0,toluene,,,,
TADF-M-02361,480.0,toluene,,,,
TADF-M-00450,517.0,toluene,90.0,TCTA,,
TADF-M-00452,518.0,toluene,91.0,TCTA,,
TADF-M-00453,507.0,toluene,57.0,TCTA,,
TADF-M-00454,438.0,toluene,,,,
TADF-M-00455,449.0,toluene,,,,
TADF-M-00456,527.0,toluene,,,,
TADF-M-00466,498.0,toluene,97.0,mCP,,
TADF-M-00467,505.0,toluene,99.0,mCP,,
TADF-M-02379,474.0,PMMA,86.0,PMMA,,
TADF-M-02380,475.0,PMMA,65.0,PMMA,,
TADF-M-02381,473.0,PMMA,71.0,PMMA,,
TADF-M-02382,445.0,PMMA,68.0,PMMA,,
TADF-M-02383,436.0,PMMA,34.0,PMMA,,
TADF-M-00486,499.0,THF,46.5,toluene,,
TADF-M-02368,,,63.0,toluene,,
TADF-M-02369,,,2.0,toluene,,
TADF-M-02370,,,3.0,toluene,,
TADF-M-02371,441.0,toluene,,,,
TADF-M-02372,449.0,toluene,,,,
TADF-M-02373,452.0,toluene,,,,
TADF-M-02374,,,6.0,toluene,,
TADF-M-02375,,,3.0,toluene,,
TADF-M-02376,545.0,neat film,62.0,neat film,,
TADF-M-02377,575.0,neat film,86.0,neat film,,
TADF-M-02378,605.0,neat film,44.0,neat film,,
TADF-M-00478,412.0,toluene,24.0,toluene,,
TADF-M-00479,417.0,toluene,10.0,toluene,,
TADF-M-00480,433.0,toluene,17.0,toluene,,
TADF-M-00471,554.0,toluene,68.0,PMMA,88.0,toluene
TADF-M-00472,599.0,toluene,43.0,PMMA,106.0,toluene
TADF-M-00473,596.0,toluene,46.0,PMMA,113.0,toluene
TADF-M-00498,364.0,CH2Cl2,,,,
TADF-M-00499,368.0,CH2Cl2,,,,
TADF-M-00500,362.0,CH2Cl2,,,,
TADF-M-00501,492.0,toluene,,,,
TADF-M-00311,507.0,toluene,,,,
TADF-M-00502,648.0,toluene,78.0,"2,6-DCzPPy",,
TADF-M-00503,680.0,toluene,74.0,"2,6-DCzPPy",,
TADF-M-02386,458.0,toluene,95.0,toluene,,
TADF-M-00510,641.74,toluene,,,,
TADF-M-00511,642.58,toluene,,,,
TADF-M-00512,674.49,toluene,,,,
TADF-M-00513,678.09,toluene,,,,
TADF-M-00514,691.95,toluene,,,,
TADF-M-00515,726.85,toluene,,,,
TADF-M-00508,535.4,simulation,,,,
TADF-M-00509,583.0,CBP,,,,
TADF-M-00495,468.0,toluene,21.0,PMMA,,
TADF-M-00496,471.0,toluene,10.0,PMMA,,
TADF-M-02385,559.0,PMMA,34.0,PMMA,,
TADF-M-02384,599.0,PMMA,43.0,PMMA,,
TADF-M-00516,538.0,CBP,56.2,zeonex,112.0,CBP
TADF-M-00517,476.0,CBP,13.5,zeonex,116.0,CBP
TADF-M-00518,517.0,zeonex,12.3,zeonex,131.0,CBP
TADF-M-00544,537.0,neat film,32.0,neat film,,
TADF-M-00545,530.0,"2,6-DCzPPy",92.0,"2,6-DCzPPy",,
TADF-M-00546,544.0,"2,6-DCzPPy",85.0,"2,6-DCzPPy",,
TADF-M-00547,516.0,mCP,55.0,mCP,,
TADF-M-00549,580.0,TCTA,19.0,TCTA,,
TADF-M-00550,468.0,DPEPO,68.0,DPEPO,,
TADF-M-00551,537.0,"2,6-DCzPPy",85.0,"2,6-DCzPPy",,
TADF-M-00553,473.0,mCP,89.0,mCP,,
TADF-M-00554,565.0,mCP,86.0,mCP,,
TADF-M-00540,510.0,mCP,42.0,mCP,,
TADF-M-00742,568.0,THF,2.2,THF,,
TADF-M-02406,569.0,THF,2.7,THF,,
TADF-M-00558,475.0,toluene,63.0,neat film,,
TADF-M-00559,470.0,DPEPO,70.0,toluene,,
TADF-M-00560,469.0,neat film,72.0,toluene,,
TADF-M-00561,465.0,toluene,69.0,toluene,,
TADF-M-00562,545.0,hexane,7.0,CBP,,
TADF-M-00563,545.0,hexane,26.0,CBP,,
TADF-M-00564,494.0,THF,,,,
TADF-M-00565,500.0,THF,,,,
TADF-M-02407,380.0,toluene,,,,
TADF-M-02408,380.0,toluene,,,,
TADF-M-02409,400.0,toluene,,,,
TADF-M-00573,,,95.9,neat film,,
TADF-M-00574,,,71.5,neat film,,
TADF-M-00578,463.0,toluene,,,30.0,toluene
TADF-M-00579,470.0,toluene,,,36.0,toluene
TADF-M-00580,604.0,toluene,88.5,toluene,,
TADF-M-00598,403.0,toluene,,,,
TADF-M-00599,408.0,toluene,,,,
TADF-M-00600,366.0,toluene,,,,
TADF-M-00601,395.0,toluene,,,,
TADF-M-00603,355.0,toluene,,,,
TADF-M-00602,376.0,toluene,,,,
TADF-M-00604,553.0,toluene,,,,
TADF-M-00605,520.0,toluene,,,,
TADF-M-02428,504.0,CHCl3,2.0,CHCl3,,
TADF-M-00606,555.0,CBP,26.0,TCTA,,
TADF-M-00607,551.0,TCTA,14.0,TCTA,,
TADF-M-00608,529.0,TCTA,10.0,TCTA,,
TADF-M-02429,455.0,toluene,,,,
TADF-M-02430,476.0,toluene,,,,
TADF-M-02431,552.0,toluene,,,,
TADF-M-00634,572.0,PMMA,35.0,PMMA,,
TADF-M-00635,582.0,PMMA,13.0,PMMA,,
TADF-M-00636,593.0,PMMA,10.0,PMMA,,
TADF-M-00346,536.0,PMMA,10.0,PMMA,,
TADF-M-00637,410.0,toluene,3.0,PMMA,,
TADF-M-02432,548.0,CBP,8.8,CBP,,
TADF-M-02433,635.0,CBP,17.2,CBP,,
TADF-M-02434,682.0,CBP,8.2,CBP,,
TADF-M-00638,553.0,MeCN,3.0,MeCN,,
TADF-M-00639,589.0,MeCN,1.4,MeCN,,
TADF-M-00640,572.0,MeCN,2.0,MeCN,,
TADF-M-02448,514.0,toluene,93.8,simulation,29.0,toluene
TADF-M-00393,483.0,toluene,90.0,toluene,22.0,toluene
TADF-M-01253,494.0,toluene,88.7,mCP,24.0,toluene
TADF-M-00647,460.0,toluene,70.0,mCP,39.0,mCP
TADF-M-00648,464.0,zeonex,80.0,simulation,,
TADF-M-00655,377.0,PMMA,37.0,PMMA,374.0,toluene
TADF-M-00656,391.0,PMMA,58.0,PMMA,387.0,toluene
TADF-M-00657,442.0,PMMA,67.0,PMMA,441.0,toluene
TADF-M-02437,461.0,toluene,,,43.0,toluene
TADF-M-02438,447.0,toluene,,,38.0,toluene
TADF-M-02440,366.0,zeonex,21.0,zeonex,,
TADF-M-02441,389.0,zeonex,30.0,zeonex,,
TADF-M-02442,392.0,zeonex,32.0,zeonex,,
TADF-M-02443,398.0,zeonex,9.8,zeonex,,
TADF-M-02444,396.0,zeonex,3.7,zeonex,,
TADF-M-00691,571.0,toluene,86.0,DPEPO,,
TADF-M-02455,632.0,toluene,93.0,toluene,,
TADF-M-02456,653.0,toluene,68.0,toluene,,
TADF-M-00694,524.0,toluene,51.3,mCP,,
TADF-M-00165,,,19.0,simulation,,
TADF-M-00209,,,80.0,simulation,,
TADF-M-00210,,,74.0,simulation,,
TADF-M-00211,,,79.0,simulation,,
TADF-M-00697,548.0,toluene,50.0,toluene,,
TADF-M-00698,503.0,toluene,45.0,toluene,,
TADF-M-00699,523.0,toluene,46.0,toluene,,
TADF-M-00700,495.0,toluene,30.0,toluene,,
TADF-M-00701,474.0,toluene,4.0,THF,,
TADF-M-00702,497.0,toluene,10.0,THF,,
TADF-M-00703,528.0,toluene,3.0,toluene,,
TADF-M-00704,516.0,toluene,8.0,toluene,,
TADF-M-00705,,,12.0,ethanol,,
TADF-M-00706,,,7.0,ethanol,,
TADF-M-00707,,,2.0,ethanol,,
TADF-M-00708,430.0,toluene,,,52.0,toluene
TADF-M-00709,440.0,toluene,,,64.0,toluene
TADF-M-00710,454.0,toluene,,,61.0,toluene
TADF-M-00711,466.0,toluene,,,84.0,toluene
TADF-M-00712,523.0,toluene,,,108.0,toluene
TADF-M-00713,416.0,toluene,,,,
TADF-M-00714,428.0,toluene,,,,
TADF-M-00715,461.0,toluene,,,,
TADF-M-02460,,,78.0,mCBP,,
TADF-M-02461,,,78.0,mCBP,,
TADF-M-02462,,,60.0,mCBP,,
TADF-M-00718,,,15.0,toluene,,
TADF-M-00716,,,26.0,PPT,,
TADF-M-00252,415.0,toluene,17.0,toluene,,
TADF-M-00717,,,14.0,toluene,,
TADF-M-00253,,,70.0,toluene,,
TADF-M-00163,505.0,toluene,93.0,toluene,86.0,toluene
TADF-M-00719,523.0,CBP,12.2,TCTA,,
TADF-M-00720,505.0,CBP,9.4,TCTA,,
TADF-M-00721,553.0,TCTA,38.7,CBP,,
TADF-M-00722,541.0,TCTA,22.2,TCTA,,
TADF-M-00723,533.0,zeonex,17.1,TCTA,,
TADF-M-02495,500.0,CH2Cl2,,,,
TADF-M-02496,528.0,CH2Cl2,,,,
TADF-M-01394,502.0,toluene,91.0,toluene,33.0,toluene
TADF-M-02504,500.0,toluene,,,32.0,toluene
TADF-M-00854,822.0,CBP,7.7,toluene,,
TADF-M-00855,698.0,CBP,65.9,toluene,,
TADF-M-00825,440.0,toluene,,,27.0,toluene
TADF-M-00826,448.0,toluene,,,14.0,toluene
TADF-M-00827,458.0,toluene,,,12.0,toluene
TADF-M-00828,455.0,toluene,,,24.0,toluene
TADF-M-00724,532.0,toluene,73.1,CBP,,
TADF-M-00725,531.0,toluene,99.0,CBP,,
TADF-M-02475,398.0,zeonex,16.67,zeonex,,
TADF-M-02388,414.0,zeonex,37.04,zeonex,,
TADF-M-02476,460.0,zeonex,72.92,zeonex,,
TADF-M-00367,584.0,neat film,,,,
TADF-M-00770,488.0,neat film,,,,
TADF-M-00771,492.0,neat film,,,,
TADF-M-00772,503.0,neat film,,,,
TADF-M-00775,520.0,neat film,,,,
TADF-M-00776,540.0,neat film,,,,
TADF-M-02477,491.0,2-MeTHF,1.5,2-MeTHF,,
TADF-M-02478,417.0,THF,2.4,THF,,
TADF-M-01406,491.0,toluene,,,24.0,toluene
TADF-M-01256,486.0,toluene,86.0,toluene,20.0,toluene
TADF-M-02479,489.0,toluene,,,,
TADF-M-02480,431.0,toluene,42.0,toluene,,
TADF-M-02481,447.0,toluene,72.0,toluene,,
TADF-M-02482,485.0,toluene,75.0,toluene,,
TADF-M-02483,501.0,toluene,57.0,mCP,,
TADF-M-02484,450.0,toluene,56.0,DBFPO,26.0,toluene
TADF-M-02485,447.0,toluene,69.0,DBFPO,20.0,toluene
TADF-M-02486,447.0,toluene,75.0,DBFPO,21.0,toluene
TADF-M-02487,448.0,toluene,89.0,DBFPO,81.0,toluene
TADF-M-00814,548.0,THF,,,,
TADF-M-00815,606.0,THF,,,,
TADF-M-00816,640.0,THF,,,,
TADF-M-02489,531.0,toluene,93.0,toluene,,
TADF-M-00817,,,88.0,toluene,,
TADF-M-00819,,,96.0,toluene,,
TADF-M-00818,,,86.0,toluene,,
TADF-M-00820,510.0,toluene,70.0,neat film,,
TADF-M-00821,492.0,toluene,77.0,neat film,,
TADF-M-02490,556.0,toluene,89.5,neat film,,
TADF-M-02491,590.0,toluene,88.4,neat film,,
TADF-M-00858,,,1.71,toluene,,
TADF-M-00859,,,1.02,toluene,,
TADF-M-00860,,,0.04,toluene,,
TADF-M-00861,,,31.34,toluene,,
TADF-M-00862,,,31.12,toluene,,
TADF-M-00863,,,37.13,toluene,,
TADF-M-00864,554.0,THF,39.0,toluene,,
TADF-M-00870,540.0,cyclohexane,31.0,cyclohexane,,
TADF-M-00871,534.0,cyclohexane,53.0,cyclohexane,,
TADF-M-00880,321.0,CH2Cl2,,,,
TADF-M-02510,356.0,toluene,,,,
TADF-M-02511,357.0,toluene,,,,
TADF-M-00884,,,0.7,toluene,,
TADF-M-00885,,,67.0,toluene,,
TADF-M-00886,,,70.0,toluene,,
TADF-M-00887,,,18.0,toluene,,
TADF-M-00888,,,10.0,toluene,,
TADF-M-00889,,,9.0,toluene,,
TADF-M-00890,,,2.0,toluene,,
TADF-M-00891,471.0,PMMA,,,,
TADF-M-00893,461.0,PMMA,,,,
TADF-M-00658,459.0,PMMA,85.0,DOBNA-OAr,,
TADF-M-00894,473.0,PMMA,,,,
TADF-M-00900,559.0,toluene,48.9,CBP,,
TADF-M-00901,633.0,toluene,50.0,CBP,,
TADF-M-00898,538.0,toluene,87.0,mCP,,
TADF-M-00899,560.0,toluene,97.0,mCP,,
TADF-M-02518,392.0,toluene,68.0,toluene,25.0,toluene
TADF-M-02519,393.0,toluene,84.0,toluene,25.0,toluene
TADF-M-02520,392.0,toluene,74.0,toluene,53.0,toluene
TADF-M-02521,391.0,toluene,75.0,toluene,23.0,toluene
TADF-M-00908,,,89.0,DPEPO,,
TADF-M-00909,,,67.1,DPEPO,,
TADF-M-00910,,,63.9,DPEPO,,
TADF-M-00911,,,90.2,DPEPO,,
TADF-M-01018,433.0,toluene,87.8,DBFPO,,
TADF-M-01019,445.0,toluene,92.8,DBFPO,,
TADF-M-00921,477.0,toluene,71.0,toluene,34.0,toluene
TADF-M-00922,477.0,toluene,98.0,toluene,33.0,toluene
TADF-M-02529,429.0,PS,,,205.0,PS
TADF-M-02530,482.0,THF,0.2,ethanol,,
TADF-M-02532,585.0,THF,0.2,ethanol,,
TADF-M-00923,,,65.0,simulation,,
TADF-M-00924,,,54.0,simulation,,
TADF-M-02534,401.0,toluene,,,24.0,toluene
TADF-M-02535,473.0,toluene,,,51.0,toluene
TADF-M-00930,501.0,toluene,26.0,toluene,,
TADF-M-00931,504.0,toluene,36.0,toluene,,
TADF-M-01031,482.0,CH2Cl2,71.0,CH2Cl2,33.0,"2,6-DCzPPy"
TADF-M-02538,487.0,CH2Cl2,85.0,CH2Cl2,,
TADF-M-02539,486.0,CH2Cl2,81.0,CH2Cl2,,
TADF-M-02540,481.0,CH2Cl2,18.0,CH2Cl2,,
TADF-M-00953,395.0,DPEPO,,,,
TADF-M-00951,498.0,DPEPO,,,,
TADF-M-00952,458.0,DPEPO,,,,
TADF-M-00954,526.0,DPEPO,,,,
TADF-M-00956,518.0,DPEPO,,,,
TADF-M-02541,453.0,DPEPO,,,,
TADF-M-02542,490.0,DPEPO,,,,
TADF-M-00957,558.0,toluene,89.0,toluene,,
TADF-M-00958,483.0,neat film,20.0,mCP,,
TADF-M-00959,520.0,neat film,1.0,neat film,,
TADF-M-00960,544.0,toluene,,,,
TADF-M-02550,603.0,toluene,,,,
TADF-M-02551,651.0,toluene,,,,
TADF-M-00964,678.0,toluene,65.0,PS,,
TADF-M-00425,,,78.0,zeonex,,
TADF-M-00426,,,21.0,zeonex,,
TADF-M-00427,,,47.0,zeonex,,
TADF-M-02555,498.0,TCTA,86.0,TCTA,,
TADF-M-02556,508.0,TCTA,67.0,TCTA,,
TADF-M-02557,518.0,TCTA,87.0,TCTA,,
TADF-M-02558,534.0,TCTA,76.0,TCTA,,
TADF-M-00979,495.0,toluene,67.0,toluene,,
TADF-M-00980,522.0,toluene,2.0,toluene,,
TADF-M-00981,513.0,toluene,51.0,toluene,,
TADF-M-00982,470.0,toluene,67.0,toluene,,
TADF-M-00983,518.0,toluene,17.0,toluene,,
TADF-M-00984,,,56.0,PMMA,,
TADF-M-00985,,,59.0,PMMA,,
TADF-M-00986,,,28.0,PMMA,,
TADF-M-00987,,,24.5,CzSi,,
TADF-M-00856,,,26.1,toluene,,
TADF-M-02559,377.0,toluene,,,,
TADF-M-02560,377.0,toluene,,,,
TADF-M-00988,478.0,toluene,74.1,toluene,66.0,toluene
TADF-M-00989,480.0,toluene,62.2,toluene,72.0,toluene
TADF-M-00990,469.0,toluene,69.7,toluene,72.0,toluene
TADF-M-00991,466.0,toluene,73.7,toluene,75.0,toluene
TADF-M-02561,498.0,neat film,35.1,neat film,,
TADF-M-02562,468.0,neat film,96.5,PO-T2T,,
TADF-M-00999,,,71.0,THF,,
TADF-M-01000,467.0,PPF,66.0,PPF,,
TADF-M-01001,464.0,PPF,57.0,PPF,,
TADF-M-01002,453.0,PPF,58.0,PPF,,
TADF-M-01003,449.0,PPF,44.0,PPF,,
TADF-M-00419,450.0,toluene,15.7,toluene,,
TADF-M-01004,445.0,toluene,23.5,toluene,,
TADF-M-01005,495.0,toluene,22.5,neat film,,
TADF-M-01006,495.0,toluene,39.1,neat film,,
TADF-M-01016,492.0,PMMA,92.0,PMMA,,
TADF-M-01017,467.0,toluene,,,,
TADF-M-01020,444.0,toluene,,,,
TADF-M-01021,456.0,toluene,,,,
TADF-M-01022,470.0,toluene,,,,
TADF-M-01023,478.0,toluene,,,,
TADF-M-01024,492.0,BCPO,,,,
TADF-M-01025,498.0,BCPO,,,,
TADF-M-01026,496.0,BCPO,,,,
TADF-M-00198,460.0,mCBP,88.0,mCBP,33.0,CH2Cl2
TADF-M-00199,469.0,mCBP,90.0,mCBP,34.0,ethanol
TADF-M-01027,455.0,PMMA,53.0,PMMA,39.0,CH2Cl2
TADF-M-01028,441.0,PMMA,33.0,PMMA,,
TADF-M-01029,450.0,PMMA,57.0,PMMA,,
TADF-M-01030,470.0,toluene,97.0,toluene,24.0,SiTrzCz2
TADF-M-01032,479.0,DOBNA-OAr,88.0,DOBNA-OAr,,
TADF-M-00193,495.0,toluene,,,,
TADF-M-00194,477.0,toluene,,,,
TADF-M-00197,466.0,DPEPO,,,,
TADF-M-01033,485.0,DPEPO,,,,
TADF-M-01034,478.0,DPEPO,,,,
TADF-M-01035,456.0,DPEPO,,,,
TADF-M-01036,445.0,DPEPO,,,,
TADF-M-01037,,,98.0,toluene,,
TADF-M-00195,475.0,toluene,56.0,toluene,,
TADF-M-00196,456.0,toluene,76.0,toluene,85.0,neat film
TADF-M-01038,467.0,PPF,99.0,PPF,,
TADF-M-01039,483.0,PPF,99.0,PPF,,
TADF-M-01040,465.0,PPF,75.0,PPF,,
TADF-M-01041,438.0,toluene,63.1,toluene,,
TADF-M-01042,458.0,toluene,97.1,toluene,,
TADF-M-01043,470.0,PPF,28.0,PPF,,
TADF-M-01044,491.0,PPF,81.0,PPF,,
TADF-M-01045,458.0,PPF,53.0,PPF,,
TADF-M-01046,468.0,toluene,71.0,toluene,,
TADF-M-01047,449.0,toluene,99.0,toluene,68.0,toluene
TADF-M-01048,473.0,toluene,74.0,toluene,72.0,toluene
TADF-M-01049,471.0,toluene,70.0,toluene,71.0,toluene
TADF-M-02566,427.0,toluene,,,,
TADF-M-02567,433.0,toluene,,,,
TADF-M-01057,448.0,toluene,95.0,DBFPO,58.0,toluene
TADF-M-01058,455.0,toluene,99.0,DBFPO,53.0,toluene
TADF-M-01059,438.0,THF,,,32.0,THF
TADF-M-01060,415.0,THF,,,29.0,THF
TADF-M-02568,469.0,DPEPO,70.0,toluene,58.0,DPEPO
TADF-M-02569,467.0,DPEPO,74.0,toluene,58.0,DPEPO
TADF-M-01064,462.0,mCP,7.0,mCP,,
TADF-M-01065,491.0,mCP,7.0,mCP,,
TADF-M-01066,508.0,mCP,22.0,PMMA,,
TADF-M-01069,453.0,mCP,61.0,mCP,23.0,toluene
TADF-M-01070,460.0,toluene,85.0,DPEPO,27.0,toluene
TADF-M-01071,460.0,toluene,76.0,DPEPO,27.0,toluene
TADF-M-02580,482.0,BCPO,25.0,BCPO,,
TADF-M-02579,526.0,mCBP,,,78.0,mCBP
TADF-M-02576,394.0,toluene,,,60.0,toluene
TADF-M-02577,394.0,toluene,,,62.0,toluene
TADF-M-02578,439.0,toluene,,,83.0,toluene
TADF-M-01191,499.0,neat film,0.43,neat film,,
TADF-M-01192,522.0,neat film,0.21,neat film,,
TADF-M-01193,583.0,CBP,33.81,CBP,,
TADF-M-01207,,,,,92.0,toluene
TADF-M-00649,466.0,toluene,73.0,mCP,,
TADF-M-00650,464.0,toluene,68.0,mCP,,
TADF-M-01209,439.0,toluene,,,,
TADF-M-01210,440.0,toluene,,,,
TADF-M-01211,446.0,toluene,,,,
TADF-M-01212,443.0,toluene,,,,
TADF-M-01213,467.0,toluene,,,,
TADF-M-01217,418.0,neat film,30.0,neat film,,
TADF-M-01218,522.0,neat film,24.0,neat film,,
TADF-M-01226,464.0,neat film,5.1,toluene,101.0,neat film
TADF-M-01219,,,93.0,mCP,,
TADF-M-01220,,,91.0,mCP,,
TADF-M-01221,,,96.0,mCP,,
TADF-M-02605,498.0,neat film,,,,
TADF-M-02606,500.0,neat film,,,,
TADF-M-02620,520.0,mCP,,,,
TADF-M-02621,519.0,mCP,,,,
TADF-M-02622,511.0,mCP,,,,
TADF-M-02623,512.0,mCP,,,,
TADF-M-02624,571.0,mCP,,,,
TADF-M-02626,439.0,toluene,,,,
TADF-M-02627,458.0,toluene,,,,
TADF-M-02628,504.0,toluene,,,,
TADF-M-00217,469.0,toluene,,,,
TADF-M-02629,471.0,toluene,,,,
TADF-M-00219,411.0,toluene,,,,
TADF-M-01240,542.0,toluene,36.0,PMMA,,
TADF-M-01241,594.0,toluene,54.0,PMMA,,
TADF-M-01242,563.0,PMMA,16.0,PMMA,,
TADF-M-01301,512.0,toluene,97.0,toluene,,
TADF-M-01243,461.0,mCP,21.0,toluene,,
TADF-M-01244,459.0,mCP,33.0,toluene,,
TADF-M-01245,466.0,mCP,27.0,toluene,,
TADF-M-01246,478.0,mCP,17.0,toluene,,
TADF-M-01247,451.0,mCP,22.0,toluene,,
TADF-M-01248,500.0,mCP,24.0,toluene,,
TADF-M-01249,515.0,mCP,71.0,toluene,,
TADF-M-01250,492.0,mCP,66.0,toluene,,
TADF-M-01251,455.0,toluene,42.0,DPEPO,68.0,toluene
TADF-M-01252,440.0,toluene,6.5,DPEPO,80.0,toluene
TADF-M-01322,480.0,toluene,97.0,mCBP,28.0,toluene
TADF-M-02633,478.0,toluene,,,,
TADF-M-02634,474.0,toluene,,,,
TADF-M-02635,490.0,toluene,,,,
TADF-M-02636,492.0,toluene,,,,
TADF-M-02637,490.0,toluene,,,,
TADF-M-02638,454.0,DPEPO,80.0,DPEPO,,
TADF-M-02639,439.0,DPEPO,92.0,DPEPO,,
TADF-M-02640,614.0,toluene,48.0,toluene,,
TADF-M-02641,610.0,toluene,1.6,CHCl3,,
TADF-M-02642,,,,,42.0,toluene
TADF-M-02643,,,,,41.0,toluene
TADF-M-02644,,,,,39.0,toluene
TADF-M-00493,420.0,toluene,50.0,DPEPO,,
TADF-M-01079,434.0,toluene,,,,
TADF-M-01084,720.0,toluene,11.0,CBP,,
TADF-M-01089,,,2.0,ethanol,,
TADF-M-02583,528.0,simulation,5.4,neat film,,
TADF-M-02584,537.0,simulation,,,,
TADF-M-02585,541.0,simulation,1.1,neat film,,
TADF-M-01093,508.0,toluene,56.0,simulation,,
TADF-M-01094,522.0,toluene,77.0,simulation,,
TADF-M-01095,479.0,toluene,59.0,simulation,,
TADF-M-01096,477.0,toluene,80.0,simulation,,
TADF-M-01097,,,67.0,CH2Cl2,,
TADF-M-01098,,,75.0,CH2Cl2,,
TADF-M-01099,490.0,toluene,10.0,toluene,,
TADF-M-01101,431.0,toluene,,,,
TADF-M-01102,431.0,toluene,,,,
TADF-M-01103,423.0,toluene,,,,
TADF-M-00753,501.0,toluene,14.0,toluene,,
TADF-M-00754,498.0,toluene,15.2,toluene,,
TADF-M-02586,543.0,toluene,,,,
TADF-M-02587,600.0,toluene,,,,
TADF-M-02588,585.0,toluene,,,,
TADF-M-02157,456.0,toluene,68.0,toluene,,
TADF-M-02592,456.0,toluene,,,,
TADF-M-02593,456.0,toluene,,,,
TADF-M-01383,485.0,toluene,88.0,mCBP,33.0,2-MeTHF
TADF-M-01297,502.0,2-MeTHF,90.0,mCBP,50.0,simulation
TADF-M-01110,496.0,PMMA,,,,
TADF-M-01111,500.0,PMMA,,,,
TADF-M-01112,500.0,PMMA,,,,
TADF-M-01113,498.0,PMMA,,,,
TADF-M-01114,707.0,neat film,88.0,toluene,,
TADF-M-01115,709.0,neat film,,,,
TADF-M-01116,612.0,neat film,,,,
TADF-M-01117,473.0,PPT,76.0,PPT,,
TADF-M-01118,484.0,PPT,96.0,PPT,,
TADF-M-01119,496.0,PPT,78.0,PPT,,
TADF-M-01120,520.0,PPT,99.0,PPT,,
TADF-M-01121,531.0,PPT,73.0,PPT,,
TADF-M-01122,513.0,PPT,95.0,PPT,,
TADF-M-01123,524.0,PPT,97.0,PPT,,
TADF-M-01124,538.0,PPT,82.0,PPT,,
TADF-M-01134,486.0,neat film,44.0,neat film,,
TADF-M-01135,519.0,neat film,65.0,neat film,,
TADF-M-01136,624.0,neat film,5.0,neat film,,
TADF-M-01137,589.0,CBP,,,,
TADF-M-01187,545.0,toluene,,,,
TADF-M-01188,595.0,toluene,,,,
TADF-M-01189,459.0,toluene,,,,
TADF-M-01190,476.0,toluene,,,,
TADF-M-02597,474.0,toluene,,,,
TADF-M-02598,460.0,toluene,,,,
TADF-M-02599,496.0,mCBP,,,23.0,mCBP
TADF-M-02600,534.0,mCBP,,,30.0,mCBP
TADF-M-00912,562.0,mCBP,,,30.0,mCBP
TADF-M-01588,480.0,neat film,,,,
TADF-M-01589,490.0,neat film,,,,
TADF-M-01590,528.0,neat film,,,,
TADF-M-01591,475.0,neat film,,,,
TADF-M-01592,487.0,neat film,,,,
TADF-M-01593,525.0,neat film,,,,
TADF-M-02660,,,11.6,PMMA,,
TADF-M-02661,,,10.6,PMMA,,
TADF-M-02662,,,7.4,PMMA,,
TADF-M-02663,650.0,toluene,94.0,toluene,,
TADF-M-02664,667.0,toluene,86.0,toluene,,
TADF-M-02645,,,26.0,toluene,,
TADF-M-02646,,,9.0,toluene,,
TADF-M-01368,496.0,toluene,91.0,toluene,,
TADF-M-01369,501.0,mCP,38.0,toluene,,
TADF-M-01370,509.0,THF,21.0,mCP,,
TADF-M-01371,485.0,mCP,35.0,toluene,,
TADF-M-00244,380.0,CHCl3,,,,
TADF-M-00245,397.0,toluene,,,,
TADF-M-00246,415.0,toluene,,,,
TADF-M-00247,390.0,CHCl3,,,,
TADF-M-00248,400.0,CHCl3,,,,
TADF-M-02649,414.0,toluene,,,,
TADF-M-01372,452.0,PMMA,19.0,PMMA,,
TADF-M-01373,398.0,CH2Cl2,72.0,CH2Cl2,,
TADF-M-01374,410.0,CH2Cl2,65.0,CH2Cl2,,
TADF-M-01375,436.0,CH2Cl2,57.0,CH2Cl2,,
TADF-M-01376,409.0,CH2Cl2,75.0,PMMA,,
TADF-M-01377,434.0,toluene,63.0,PS,,
TADF-M-01378,457.0,toluene,58.0,PS,,
TADF-M-00937,446.0,toluene,81.0,toluene,,
TADF-M-00938,455.0,toluene,56.0,toluene,,
TADF-M-01379,461.0,toluene,100.0,DPEPO,,
TADF-M-01380,535.0,CH2Cl2,51.0,PMMA,,
TADF-M-01381,464.0,toluene,66.0,mCP,,
TADF-M-01382,511.0,toluene,72.0,toluene,46.0,toluene
TADF-M-01384,502.0,toluene,78.0,toluene,34.0,toluene
TADF-M-01385,475.0,toluene,88.0,toluene,34.0,toluene
TADF-M-01386,500.0,toluene,88.0,toluene,43.0,toluene
TADF-M-01387,497.0,toluene,87.0,toluene,44.0,toluene
TADF-M-01388,520.0,toluene,,,46.0,toluene
TADF-M-01295,502.0,toluene,,,38.0,toluene
TADF-M-01389,459.0,toluene,91.0,toluene,21.0,toluene
TADF-M-01390,459.0,toluene,89.1,toluene,21.0,toluene
TADF-M-01391,558.0,toluene,99.0,PhCzBCz,38.0,toluene
TADF-M-01392,544.0,toluene,,,43.0,toluene
TADF-M-01395,500.0,toluene,90.0,toluene,32.0,toluene
TADF-M-01396,465.0,toluene,97.0,mCBP,22.0,toluene
TADF-M-01397,490.0,toluene,96.0,toluene,41.0,toluene
TADF-M-01335,445.0,toluene,98.0,toluene,26.0,toluene
TADF-M-01336,471.0,toluene,99.0,toluene,28.0,toluene
TADF-M-01398,458.0,mCBP,98.0,mCBP,27.0,toluene
TADF-M-01399,476.0,toluene,94.0,mCBP,28.0,toluene
TADF-M-01400,472.0,toluene,98.0,mCBP,31.0,toluene
TADF-M-01401,476.0,toluene,82.0,PS,24.0,toluene
TADF-M-01402,479.0,toluene,87.0,PS,30.0,toluene
TADF-M-01403,443.0,toluene,,,23.0,toluene
TADF-M-01404,449.0,toluene,78.0,toluene,22.0,toluene
TADF-M-01254,499.0,toluene,83.4,mCP,24.0,toluene
TADF-M-01255,496.0,toluene,91.0,mCP,25.0,toluene
TADF-M-01405,486.0,toluene,,,23.0,toluene
TADF-M-01257,492.0,toluene,91.0,toluene,21.0,toluene
TADF-M-01258,491.0,toluene,90.0,toluene,21.0,toluene
TADF-M-01259,495.0,toluene,85.0,toluene,21.0,toluene
TADF-M-01343,489.0,toluene,,,23.0,toluene
TADF-M-01407,485.0,toluene,80.0,mCBP,26.0,toluene
TADF-M-01408,486.0,toluene,71.0,mCBP,24.0,toluene
TADF-M-01409,477.0,toluene,96.0,toluene,19.0,toluene
TADF-M-01410,470.0,toluene,86.0,toluene,21.0,toluene
TADF-M-01411,479.0,toluene,94.0,mCBP,26.0,toluene
TADF-M-01412,634.0,toluene,98.0,mCBP,82.0,toluene
TADF-M-01413,489.0,toluene,,,25.0,toluene
TADF-M-01414,502.0,toluene,,,27.0,toluene
TADF-M-01415,465.0,toluene,92.0,toluene,22.0,toluene
TADF-M-01346,477.0,toluene,,,22.0,toluene
TADF-M-01416,519.0,toluene,97.0,toluene,38.0,toluene
TADF-M-01417,483.0,toluene,78.0,toluene,25.0,toluene
TADF-M-01418,480.0,toluene,85.0,toluene,25.0,toluene
TADF-M-01419,484.0,toluene,92.0,toluene,23.0,toluene
TADF-M-00462,475.0,toluene,66.0,toluene,23.0,toluene
TADF-M-00463,475.0,toluene,70.0,toluene,23.0,toluene
TADF-M-00464,470.0,toluene,66.0,toluene,22.0,toluene
TADF-M-00465,470.0,toluene,69.0,toluene,22.0,toluene
TADF-M-01420,522.0,toluene,94.0,mCBP,28.0,toluene
TADF-M-01421,452.0,toluene,99.0,toluene,14.0,toluene
TADF-M-00850,549.0,toluene,85.0,toluene,42.0,toluene
TADF-M-01422,517.0,toluene,90.0,toluene,34.0,toluene
TADF-M-01423,500.0,toluene,93.0,mCBP,29.0,toluene
TADF-M-01424,514.0,toluene,93.0,toluene,29.0,toluene
TADF-M-01425,513.0,toluene,94.7,toluene,29.0,toluene
TADF-M-01426,509.0,toluene,,,33.0,toluene
TADF-M-01427,496.0,toluene,,,34.0,toluene
TADF-M-01428,521.0,toluene,,,29.0,toluene
TADF-M-01429,613.0,toluene,88.0,toluene,48.0,toluene
TADF-M-01430,469.0,toluene,,,23.0,toluene
TADF-M-01431,490.0,toluene,,,41.0,toluene
TADF-M-01432,462.0,toluene,,,34.0,toluene
TADF-M-01433,462.0,toluene,,,33.0,toluene
TADF-M-01434,510.0,toluene,84.0,toluene,42.0,toluene
TADF-M-01435,508.0,toluene,88.0,toluene,36.0,toluene
TADF-M-01436,505.0,toluene,87.0,toluene,38.0,toluene
TADF-M-01437,497.0,toluene,,,30.0,toluene
TADF-M-01438,502.0,toluene,99.0,toluene,42.0,toluene
TADF-M-01439,564.0,toluene,,,60.0,toluene
TADF-M-01440,583.0,toluene,,,49.0,toluene
TADF-M-01441,523.0,toluene,98.0,PS,21.0,toluene
TADF-M-01442,531.0,toluene,93.0,PS,21.0,toluene
TADF-M-01443,497.0,toluene,93.0,mCBP,27.0,toluene
TADF-M-01332,433.0,toluene,86.0,DPEPO,28.0,toluene
TADF-M-01331,441.0,toluene,94.0,DPEPO,27.0,toluene
TADF-M-01333,461.0,toluene,91.0,DPEPO,38.0,toluene
TADF-M-01444,474.0,mCBP,92.0,mCP,31.0,toluene
TADF-M-01448,442.0,CH2Cl2,13.0,CH2Cl2,50.0,CH2Cl2
TADF-M-01449,449.0,CH2Cl2,21.0,CH2Cl2,22.0,CH2Cl2
TADF-M-01450,467.0,PMMA,57.0,PMMA,44.0,PMMA
TADF-M-01445,454.0,toluene,91.0,DBFPO,18.0,toluene
TADF-M-01446,464.0,toluene,93.0,DBFPO,15.0,toluene
TADF-M-01447,456.0,toluene,98.0,DBFPO,17.0,toluene
TADF-M-01451,479.0,toluene,95.0,toluene,23.0,toluene
TADF-M-01452,483.0,PMMA,72.0,toluene,34.0,PMMA
TADF-M-01453,425.0,toluene,85.0,toluene,30.0,toluene
TADF-M-01454,440.0,toluene,90.0,toluene,29.0,toluene
TADF-M-01455,429.0,toluene,93.0,toluene,26.0,toluene
TADF-M-01456,456.0,toluene,83.0,PMMA,26.0,PMMA
TADF-M-01458,456.0,toluene,67.0,mCP,26.0,toluene
TADF-M-01459,464.0,toluene,97.0,mCP,,
TADF-M-01460,458.0,toluene,98.0,mCP,15.0,toluene
TADF-M-01461,599.0,toluene,,,34.0,toluene
TADF-M-01462,605.0,toluene,,,34.0,toluene
TADF-M-01463,470.0,neat film,72.0,DBFPO,37.0,DBFPO
TADF-M-01464,460.0,toluene,,,22.0,toluene
TADF-M-01465,468.0,toluene,,,20.0,toluene
TADF-M-01466,461.0,toluene,93.0,mCBP,22.0,toluene
TADF-M-01467,456.0,toluene,93.0,mCBP,22.0,toluene
TADF-M-01468,471.0,toluene,,,22.0,toluene
TADF-M-01355,474.0,toluene,77.0,toluene,34.0,toluene
TADF-M-01356,462.0,toluene,68.0,toluene,26.0,toluene
TADF-M-01469,453.0,toluene,88.0,PPF,21.0,toluene
TADF-M-01470,463.0,toluene,92.0,PPF,21.0,toluene
TADF-M-01471,468.0,toluene,90.0,PMMA,26.0,toluene
TADF-M-01472,454.0,toluene,94.0,PMMA,19.0,toluene
TADF-M-01473,473.0,toluene,86.0,PPF,27.0,toluene
TADF-M-01474,468.0,toluene,,,30.0,toluene
TADF-M-01475,483.0,toluene,,,41.0,toluene
TADF-M-00950,388.0,toluene,65.0,toluene,34.0,toluene
TADF-M-01476,494.0,toluene,,,22.0,toluene
TADF-M-01477,514.0,toluene,90.0,CBP,22.0,toluene
TADF-M-01478,516.0,toluene,90.0,CBP,19.0,toluene
TADF-M-01479,503.0,toluene,99.0,toluene,31.0,toluene
TADF-M-01480,504.0,PMMA,87.0,PMMA,39.0,PMMA
TADF-M-01481,450.0,toluene,100.0,mCBP,19.0,toluene
TADF-M-01482,445.0,toluene,88.0,mCBP,19.0,toluene
TADF-M-01483,451.0,toluene,90.0,mCBP,19.0,toluene
TADF-M-01484,471.0,toluene,97.0,toluene,23.0,toluene
TADF-M-01485,461.0,toluene,90.0,toluene,19.0,toluene
TADF-M-00913,467.0,toluene,92.0,DPEPO,14.0,toluene
TADF-M-01486,464.0,toluene,91.0,DPEPO,14.0,toluene
TADF-M-01487,457.0,toluene,90.0,DPEPO,14.0,toluene
TADF-M-01488,455.0,toluene,89.0,DPEPO,14.0,toluene
TADF-M-01489,466.0,toluene,92.0,toluene,14.0,toluene
TADF-M-01457,458.0,toluene,83.0,DPEPO,14.0,toluene
TADF-M-01490,480.0,toluene,82.0,DPEPO,14.0,toluene
TADF-M-01491,486.0,toluene,96.0,toluene,16.0,toluene
TADF-M-01492,486.0,toluene,79.0,toluene,13.0,toluene
TADF-M-01493,483.0,toluene,85.0,toluene,14.0,toluene
TADF-M-01494,467.0,toluene,91.0,toluene,13.0,toluene
TADF-M-01495,483.0,PS,92.0,PS,14.0,PS
TADF-M-01496,488.0,PS,94.0,PS,12.0,PS
TADF-M-01497,491.0,PS,92.0,PS,12.0,PS
TADF-M-01498,478.0,PS,93.0,PS,16.0,PS
TADF-M-01499,481.0,toluene,93.0,toluene,29.0,toluene
TADF-M-01500,491.0,toluene,91.0,toluene,34.0,toluene
TADF-M-01501,488.0,toluene,93.0,toluene,19.0,toluene
TADF-M-01502,522.0,toluene,90.0,toluene,28.0,toluene
TADF-M-01503,442.0,toluene,84.0,toluene,19.0,toluene
TADF-M-01504,584.0,THF,61.0,THF,108.0,THF
TADF-M-01505,509.0,toluene,92.0,toluene,18.0,toluene
TADF-M-01506,405.0,THF,33.0,THF,40.0,THF
TADF-M-01507,399.0,THF,33.0,THF,23.0,THF
TADF-M-01508,444.0,toluene,88.0,toluene,52.0,toluene
TADF-M-01509,439.0,toluene,47.0,toluene,51.0,toluene
TADF-M-01510,427.0,toluene,35.0,toluene,50.0,toluene
TADF-M-01511,450.0,toluene,90.0,DPEPO,47.0,toluene
TADF-M-01512,452.0,toluene,97.0,DPEPO,50.0,toluene
TADF-M-01513,446.0,toluene,90.0,DPEPO,48.0,toluene
TADF-M-01514,477.0,toluene,99.0,PPF,58.0,PPF
TADF-M-01515,472.0,toluene,98.0,PPF,57.0,PPF
TADF-M-01516,475.0,toluene,80.0,PPF,57.0,PPF
TADF-M-01517,450.0,toluene,89.0,DBFPO,55.0,DBFPO
TADF-M-01518,460.0,toluene,87.0,DPEPO,52.0,toluene
TADF-M-01519,448.0,toluene,87.0,DBFPO,56.0,DBFPO
TADF-M-01520,506.0,toluene,94.0,DBFPO,,
TADF-M-01521,572.0,toluene,97.0,DBFPO,,
TADF-M-01522,610.0,toluene,85.0,TCTA,,
TADF-M-01523,599.0,toluene,100.0,TCTA,,
TADF-M-01524,405.0,toluene,26.0,toluene,25.0,toluene
TADF-M-01525,405.0,toluene,44.0,toluene,25.0,toluene
TADF-M-01526,407.0,toluene,21.0,toluene,49.0,toluene
TADF-M-01054,416.0,neat film,,,,
TADF-M-01055,404.0,neat film,,,,
TADF-M-01527,446.0,PMMA,77.0,PMMA,57.0,PMMA
TADF-M-01528,428.0,PMMA,83.0,PMMA,49.0,PMMA
TADF-M-01529,411.0,PMMA,89.0,PMMA,35.0,PMMA
TADF-M-01530,408.0,toluene,51.0,toluene,28.0,toluene
TADF-M-01531,408.0,toluene,52.0,toluene,28.0,toluene
TADF-M-01532,474.0,toluene,99.0,CBP,28.0,toluene
TADF-M-01533,444.0,neat film,32.0,neat film,,
TADF-M-01534,455.0,neat film,44.0,neat film,63.0,toluene
TADF-M-01535,471.0,neat film,65.0,neat film,,
TADF-M-01536,414.0,neat film,,,,
TADF-M-01537,398.0,toluene,73.0,toluene,33.0,toluene
TADF-M-01538,435.0,toluene,65.0,toluene,31.0,toluene
TADF-M-01539,456.0,toluene,59.0,toluene,30.0,toluene
TADF-M-01540,434.0,toluene,56.0,toluene,62.0,toluene
TADF-M-01541,455.0,toluene,60.0,toluene,30.0,toluene
TADF-M-01546,499.0,toluene,,,21.0,toluene
TADF-M-01547,490.0,toluene,,,23.0,toluene
TADF-M-01548,495.0,toluene,,,24.0,toluene
TADF-M-01549,521.0,toluene,94.0,toluene,24.0,toluene
TADF-M-01550,501.0,toluene,97.0,toluene,27.0,toluene
TADF-M-01551,499.0,toluene,96.0,toluene,25.0,toluene
TADF-M-01552,515.0,toluene,93.0,toluene,36.0,toluene
TADF-M-01553,624.0,toluene,,,46.0,toluene
TADF-M-01554,497.0,toluene,,,29.0,toluene
TADF-M-01555,516.0,toluene,,,37.0,toluene
TADF-M-01542,494.0,toluene,97.0,toluene,25.0,toluene
TADF-M-01543,491.0,toluene,97.0,toluene,26.0,toluene
TADF-M-01544,488.0,toluene,93.0,toluene,25.0,toluene
TADF-M-01545,491.0,toluene,96.0,toluene,25.0,toluene
TADF-M-01558,505.0,toluene,85.0,toluene,34.0,toluene
TADF-M-01559,515.0,toluene,90.0,toluene,35.0,toluene
TADF-M-01560,496.0,toluene,,,21.0,toluene
TADF-M-01561,581.0,toluene,90.0,toluene,42.0,toluene
TADF-M-01562,496.0,toluene,86.0,toluene,17.0,toluene
TADF-M-01566,488.0,toluene,,,25.0,toluene
TADF-M-01567,494.0,toluene,,,27.0,toluene
TADF-M-01568,466.0,CH2Cl2,,,26.0,CH2Cl2
TADF-M-01569,467.0,CH2Cl2,,,28.0,CH2Cl2
TADF-M-02650,686.0,toluene,23.0,neat film,,
TADF-M-02651,751.0,toluene,8.0,neat film,,
TADF-M-02652,650.0,toluene,26.0,neat film,,
TADF-M-01577,746.0,toluene,,,,
TADF-M-01578,749.0,toluene,,,,
TADF-M-01579,540.0,CH2Cl2,7.0,CH2Cl2,,
TADF-M-01580,521.0,CH2Cl2,2.0,CH2Cl2,,
TADF-M-01163,461.0,toluene,23.6,toluene,,
TADF-M-01164,461.0,toluene,14.7,toluene,,
TADF-M-01581,504.0,PPF,97.0,PPF,,
TADF-M-01582,438.0,PPF,21.0,PPF,,
TADF-M-02653,479.0,neat film,100.0,neat film,69.0,neat film
TADF-M-02654,483.0,neat film,100.0,neat film,68.0,neat film
TADF-M-02655,464.0,neat film,92.0,neat film,57.0,neat film
TADF-M-02656,362.0,toluene,52.0,DPEPO,,
TADF-M-02657,381.0,toluene,10.0,DPEPO,,
TADF-M-02658,407.0,toluene,9.0,DPEPO,,
TADF-M-02659,508.0,toluene,,,,
TADF-M-01583,461.0,toluene,4.84,toluene,61.0,toluene
TADF-M-01584,452.0,toluene,4.81,toluene,40.0,toluene
TADF-M-01585,567.0,toluene,2.03,toluene,86.0,toluene
TADF-M-00161,580.0,toluene,2.04,toluene,65.0,toluene
TADF-M-00262,476.0,toluene,19.0,toluene,,
TADF-M-00261,488.0,toluene,26.0,toluene,,
TADF-M-01594,,,94.9,CBP,,
TADF-M-02665,401.0,toluene,,,,
TADF-M-02666,404.0,toluene,,,,
TADF-M-02667,406.0,toluene,,,,
TADF-M-02668,425.0,toluene,,,,
TADF-M-02669,432.0,toluene,,,,
TADF-M-01595,495.0,cyclohexane,59.4,simulation,,
TADF-M-01596,495.0,cyclohexane,14.3,simulation,,
TADF-M-01597,525.0,cyclohexane,,,,
TADF-M-01598,462.0,toluene,78.4,mCBP,,
TADF-M-01599,457.0,toluene,96.7,mCBP,,
TADF-M-01605,495.0,mCP,71.9,mCBP,,
TADF-M-01607,534.0,mCP,,,101.0,mCP
TADF-M-01608,528.0,mCP,,,91.0,mCP
TADF-M-01610,470.0,zeonex,23.0,zeonex,,
TADF-M-01611,456.0,zeonex,26.0,zeonex,,
TADF-M-01614,,,83.0,CBP,,
TADF-M-01615,,,76.0,CBP,,
TADF-M-01616,,,98.0,CBP,,
TADF-M-01617,,,61.0,CBP,,
TADF-M-01618,,,71.0,CBP,,
TADF-M-01622,,,0.15,toluene,,
TADF-M-01623,,,1.0,toluene,,
TADF-M-01624,,,7.6,toluene,,
TADF-M-01625,,,81.0,toluene,,
TADF-M-01626,,,0.9,toluene,,
TADF-M-01627,,,4.0,toluene,,
TADF-M-01628,574.0,toluene,,,,
TADF-M-01629,583.0,toluene,,,,
TADF-M-02675,490.0,toluene,91.0,toluene,,
TADF-M-02676,485.0,toluene,6.1,toluene,,
TADF-M-02677,516.0,toluene,4.6,toluene,,
TADF-M-02678,605.0,hexane,12.0,hexane,,
TADF-M-01632,,,,,59.0,toluene
TADF-M-01633,,,,,52.0,toluene
TADF-M-02689,452.0,PMMA,76.0,PMMA,21.0,THF
TADF-M-01645,559.0,toluene,54.0,neat film,,
TADF-M-00841,638.0,toluene,56.0,neat film,,
TADF-M-01646,648.0,toluene,27.0,neat film,,
TADF-M-02690,,,64.0,toluene,,
TADF-M-02691,,,66.0,toluene,,
TADF-M-01634,413.8,simulation,,,,
TADF-M-01635,497.2,simulation,,,,
TADF-M-01636,419.0,simulation,,,,
TADF-M-01637,543.5,simulation,,,,
TADF-M-01638,542.3,simulation,,,,
TADF-M-01639,456.2,simulation,,,,
TADF-M-01640,418.3,simulation,,,,
TADF-M-01641,525.7,simulation,,,,
TADF-M-01642,752.0,simulation,,,,
TADF-M-01643,536.8,simulation,,,,
TADF-M-01644,644.6,simulation,,,,
TADF-M-00423,,,32.0,zeonex,,
TADF-M-01647,,,7.0,zeonex,,
TADF-M-01648,,,8.0,zeonex,,
TADF-M-01649,,,9.0,zeonex,,
TADF-M-01650,,,7.0,zeonex,,
TADF-M-01651,,,32.0,zeonex,,
TADF-M-01652,,,38.0,zeonex,,
TADF-M-01653,,,20.0,zeonex,,
TADF-M-01654,,,42.0,zeonex,,
TADF-M-01655,,,13.0,zeonex,,
TADF-M-01656,,,11.0,zeonex,,
TADF-M-01657,,,21.0,zeonex,,
TADF-M-01658,,,100.0,toluene,,
TADF-M-01668,657.0,toluene,7.0,toluene,,
TADF-M-01669,682.0,toluene,4.0,toluene,,
TADF-M-01670,661.0,THF,7.0,THF,,
TADF-M-01671,552.0,THF,59.0,THF,,
TADF-M-01672,482.0,toluene,92.9,DPEPO,,
TADF-M-01673,495.0,toluene,96.3,DPEPO,,
TADF-M-02701,478.0,TCTA,29.1,neat film,,
TADF-M-00299,492.0,neat film,28.6,neat film,,
TADF-M-01674,469.0,toluene,79.0,toluene,,
TADF-M-01675,441.0,toluene,5.0,toluene,,
TADF-M-01676,493.0,mCBP,60.0,mCBP,,
TADF-M-01677,488.0,toluene,76.0,mCBP,,
TADF-M-01678,509.0,toluene,88.0,mCBP,,
TADF-M-01679,637.0,toluene,,,,
TADF-M-01680,633.0,toluene,,,,
TADF-M-01681,562.0,toluene,,,,
TADF-M-00052,453.0,PPF,54.0,PPF,,
TADF-M-00053,456.0,PPF,50.0,PPF,,
TADF-M-01685,472.0,PS,47.0,DPEPO,,
TADF-M-01686,482.0,PS,56.0,DPEPO,,
TADF-M-00046,,,87.0,PPF,,
TADF-M-00048,,,69.0,PPF,,
TADF-M-00045,,,91.0,PPF,,
TADF-M-00047,,,90.0,PPF,,
TADF-M-00044,,,83.0,PPF,,
TADF-M-01690,507.0,toluene,47.7,toluene,,
TADF-M-00774,515.0,toluene,64.5,toluene,,
TADF-M-02702,466.0,toluene,94.0,mCBP,27.0,toluene
TADF-M-02703,472.0,toluene,98.0,mCBP,31.0,toluene
TADF-M-01693,428.0,toluene,40.0,THF,,
TADF-M-02719,437.0,neat film,18.0,neat film,82.0,neat film
TADF-M-02720,449.0,neat film,20.0,neat film,87.0,neat film
TADF-M-02721,448.0,neat film,25.0,neat film,76.0,neat film
TADF-M-01695,545.0,CH2Cl2,41.0,CH2Cl2,,
TADF-M-01696,518.0,CH2Cl2,38.0,CH2Cl2,,
TADF-M-01697,534.0,CH2Cl2,31.0,CH2Cl2,,
TADF-M-01698,511.0,CH2Cl2,35.0,CH2Cl2,,
TADF-M-01699,503.0,toluene,13.0,toluene,,
TADF-M-01700,527.0,toluene,32.0,toluene,,
TADF-M-01701,560.0,toluene,13.0,toluene,,
TADF-M-00136,582.0,toluene,13.0,toluene,,
TADF-M-02722,522.0,CzSi,36.0,CzSi,,
TADF-M-02723,468.0,CzSi,19.5,CzSi,,
TADF-M-01702,525.0,neat film,22.0,neat film,,
TADF-M-01703,538.0,neat film,44.0,neat film,,
TADF-M-02724,586.0,CBP,31.0,neat film,,
TADF-M-02725,590.0,CBP,12.0,neat film,,
TADF-M-02726,612.0,CBP,7.0,neat film,,
TADF-M-02727,616.0,CBP,2.8,neat film,,
TADF-M-01704,502.0,toluene,,,,
TADF-M-01705,505.0,toluene,,,,
TADF-M-01712,,,100.0,toluene,,
TADF-M-01713,,,97.0,toluene,,
TADF-M-01714,,,88.0,toluene,,
TADF-M-02732,313.0,cyclohexane,61.0,cyclohexane,,
TADF-M-02733,334.0,cyclohexane,87.0,cyclohexane,,
TADF-M-02734,332.0,cyclohexane,74.0,cyclohexane,,
TADF-M-02735,359.0,cyclohexane,42.0,cyclohexane,,
TADF-M-02736,310.0,cyclohexane,40.0,cyclohexane,,
TADF-M-01731,,,,,70.0,TSPO1
TADF-M-02737,433.0,toluene,18.6,toluene,,
TADF-M-02739,490.0,toluene,16.1,toluene,,
TADF-M-02738,526.0,toluene,18.0,toluene,,
TADF-M-02740,590.0,toluene,5.3,toluene,,
TADF-M-02747,486.0,toluene,98.0,mCBP,21.0,toluene
TADF-M-02748,487.0,toluene,96.0,mCBP,24.0,toluene
TADF-M-01738,557.0,mCBP,,,,
TADF-M-01739,573.0,mCBP,,,,
TADF-M-01740,581.0,mCBP,,,,
TADF-M-01744,512.0,PhCzBCz,80.0,PhCzBCz,,
TADF-M-01745,539.0,PhCzBCz,89.0,PhCzBCz,,
TADF-M-01746,501.0,PhCzBCz,67.0,PhCzBCz,,
TADF-M-01747,495.0,PhCzBCz,89.0,PhCzBCz,,
TADF-M-01748,478.0,PhCzBCz,83.0,PhCzBCz,,
TADF-M-01749,724.0,toluene,,,,
TADF-M-01750,461.0,toluene,,,,
TADF-M-01751,497.0,CH2Cl2,,,,
TADF-M-01752,477.0,CH2Cl2,,,,
TADF-M-02364,453.0,mCP,62.0,PPT,,
TADF-M-02365,467.0,PPT,67.0,PPT,,
TADF-M-00202,428.0,mCP,66.0,mCP,,
TADF-M-02749,480.0,toluene,,,,
TADF-M-02750,470.0,toluene,,,,
TADF-M-02751,471.0,toluene,,,,
TADF-M-02752,460.0,toluene,,,,
TADF-M-02753,395.0,toluene,,,,
TADF-M-02754,417.0,toluene,,,,
TADF-M-02755,388.0,toluene,,,,
TADF-M-02763,496.0,mCBP,,,,
TADF-M-01766,502.0,toluene,31.0,toluene,,
TADF-M-01767,515.0,toluene,8.0,toluene,,
TADF-M-01768,450.0,toluene,34.0,toluene,,
TADF-M-01769,394.0,toluene,99.0,toluene,,
TADF-M-01770,401.0,toluene,94.0,toluene,,
TADF-M-01771,496.0,toluene,85.0,toluene,,
TADF-M-00134,525.0,toluene,9.0,toluene,,
TADF-M-01782,,,69.0,DPEPO,,
TADF-M-02770,588.0,toluene,43.2,toluene,,
TADF-M-02771,520.0,toluene,37.0,toluene,,
TADF-M-01804,492.0,neat film,,,,
TADF-M-01805,537.0,neat film,,,,
TADF-M-01806,552.0,neat film,,,,
TADF-M-01807,508.0,neat film,55.3,neat film,,
TADF-M-00482,539.0,toluene,34.1,DPEPO,91.0,toluene
TADF-M-01811,,,27.9,DPEPO,,
TADF-M-01812,,,25.3,DPEPO,,
TADF-M-01298,,,,,50.0,simulation
TADF-M-01296,,,,,47.0,simulation
TADF-M-01822,,,,,47.0,simulation
TADF-M-01823,,,,,52.0,simulation
TADF-M-01824,,,,,43.0,simulation
TADF-M-02791,526.0,CBP,,,,
TADF-M-02792,558.0,CBP,,,,
TADF-M-02793,596.0,CBP,,,,
TADF-M-02778,493.0,CH2Cl2,,,,
TADF-M-02779,518.0,CH2Cl2,,,,
TADF-M-02780,638.0,toluene,,,,
TADF-M-02781,657.0,CH2Cl2,,,,
TADF-M-02782,627.0,CH2Cl2,3.8,CH2Cl2,,
TADF-M-02785,545.0,toluene,10.3,CH2Cl2,,
TADF-M-02786,495.0,CH2Cl2,2.9,CH2Cl2,,
TADF-M-02784,537.0,CH2Cl2,81.9,CH2Cl2,,
TADF-M-02783,581.0,CH2Cl2,77.5,CH2Cl2,,
TADF-M-02797,,,63.0,toluene,,
TADF-M-02798,,,68.0,toluene,,
TADF-M-02799,453.0,toluene,29.0,toluene,,
TADF-M-00264,480.0,toluene,7.0,toluene,,
TADF-M-02794,,,4.6,zeonex,,
TADF-M-02795,,,5.2,zeonex,,
TADF-M-02796,,,38.5,zeonex,,
TADF-M-01832,493.0,DPEPO,92.0,DPEPO,,
TADF-M-01833,520.0,DPEPO,80.0,DPEPO,,
TADF-M-01834,497.0,DPEPO,82.0,DPEPO,,
TADF-M-01835,504.0,DPEPO,89.0,DPEPO,,
TADF-M-01836,550.0,DPEPO,52.0,DPEPO,,
TADF-M-01841,677.0,toluene,41.0,mCBP,,
TADF-M-01842,687.0,toluene,32.0,mCBP,,
TADF-M-01843,662.0,toluene,25.6,toluene,,
TADF-M-01847,526.0,toluene,,,,
TADF-M-01848,599.0,toluene,,,,
TADF-M-01849,604.0,toluene,,,,
TADF-M-01850,627.0,toluene,,,,
TADF-M-01851,,,54.0,PS,,
TADF-M-00212,459.0,toluene,,,,
TADF-M-01884,465.0,toluene,,,,
TADF-M-01885,452.0,toluene,,,,
TADF-M-01886,455.0,toluene,,,,
TADF-M-01887,465.0,toluene,,,,
TADF-M-01888,467.0,toluene,,,,
TADF-M-01863,553.0,CH2Cl2,,,,
TADF-M-01864,595.0,CH2Cl2,,,,
TADF-M-00206,450.0,toluene,,,,
TADF-M-00207,468.0,toluene,,,,
TADF-M-00208,431.0,toluene,,,,
TADF-M-01871,491.0,mCP,68.0,mCP,58.0,DPEPO
TADF-M-01872,481.0,neat film,61.0,neat film,,
TADF-M-01873,483.0,neat film,59.0,neat film,,
TADF-M-01874,520.0,neat film,86.0,neat film,,
TADF-M-01876,635.0,CH2Cl2,,,,
TADF-M-01877,593.0,CH2Cl2,,,,
TADF-M-01878,620.0,CH2Cl2,,,,
TADF-M-01733,,,,,21.0,CzSi
TADF-M-01880,550.0,CH2Cl2,6.0,PMMA,,
TADF-M-02802,490.0,2-MeTHF,,,,
TADF-M-02803,490.0,2-MeTHF,,,,
TADF-M-01903,599.0,toluene,,,,
TADF-M-01904,599.0,toluene,,,,
TADF-M-01897,540.0,neat film,65.0,neat film,,
TADF-M-01171,492.0,neat film,,,,
TADF-M-01901,575.0,CBP,94.0,CBP,,
TADF-M-01902,570.0,CBP,78.7,CBP,,
TADF-M-01920,453.0,neat film,29.0,toluene,,
TADF-M-01921,504.0,neat film,50.0,neat film,,
TADF-M-01922,512.0,neat film,28.0,neat film,,
TADF-M-01923,580.0,neat film,4.0,neat film,,
TADF-M-01924,499.0,neat film,77.0,toluene,,
TADF-M-00166,540.0,mCP,66.0,mCP,,
TADF-M-01939,527.0,THF,16.0,CHCl3,,
TADF-M-01940,604.0,THF,18.0,THF,,
TADF-M-02811,510.0,zeonex,97.0,zeonex,,
TADF-M-02812,545.0,zeonex,100.0,zeonex,,
TADF-M-02813,480.0,zeonex,100.0,zeonex,,
TADF-M-02814,492.0,zeonex,96.0,zeonex,,
TADF-M-02815,474.0,zeonex,79.0,zeonex,,
TADF-M-02816,499.0,zeonex,66.0,zeonex,,
TADF-M-02817,446.0,zeonex,94.0,zeonex,,
TADF-M-02818,448.0,zeonex,86.0,zeonex,,
TADF-M-02819,484.0,zeonex,60.0,zeonex,,
TADF-M-02820,497.0,zeonex,98.0,zeonex,,
TADF-M-00434,364.0,CHCl3,,,,
TADF-M-02821,455.0,CHCl3,,,,
TADF-M-01943,520.0,toluene,63.0,toluene,,
TADF-M-01944,566.0,toluene,63.0,toluene,,
TADF-M-01786,588.0,toluene,84.0,toluene,,
TADF-M-01945,678.0,toluene,12.0,toluene,,
TADF-M-01946,612.0,toluene,33.0,toluene,,
TADF-M-00684,,,11.04,CBP,,
TADF-M-00685,,,50.83,CBP,,
TADF-M-01947,535.0,toluene,,,,
TADF-M-01950,559.0,toluene,66.0,CBP,,
TADF-M-01951,619.0,toluene,53.0,CBP,,
TADF-M-02823,580.0,toluene,93.7,neat film,,
TADF-M-02824,524.0,toluene,33.7,neat film,,
TADF-M-01952,633.0,toluene,,,,
TADF-M-01953,664.0,toluene,,,,
TADF-M-01957,488.0,mCP,62.3,mCP,,
TADF-M-01958,597.0,toluene,66.5,toluene,,
TADF-M-01959,586.0,toluene,56.3,toluene,,
TADF-M-02827,519.0,toluene,,,,
TADF-M-02828,512.0,toluene,,,,
TADF-M-02830,388.0,toluene,40.2,neat film,,
TADF-M-02831,420.0,toluene,59.2,neat film,,
TADF-M-02832,438.0,toluene,50.8,neat film,,
TADF-M-01962,620.0,toluene,87.0,CBP,,
TADF-M-01963,648.0,toluene,99.0,CBP,,
TADF-M-01964,583.0,neat film,,,,
TADF-M-01965,570.0,neat film,,,,
TADF-M-02845,446.0,neat film,,,42.0,toluene
TADF-M-02846,448.0,neat film,,,42.0,toluene
TADF-M-02847,,,,,490.0,toluene
TADF-M-02848,,,,,477.0,toluene
TADF-M-01968,462.0,toluene,,,,
TADF-M-01969,498.0,toluene,,,,
TADF-M-02851,,,96.2,BCPO,,
TADF-M-02852,,,92.0,BCPO,,
TADF-M-02853,,,54.0,PMMA,,
TADF-M-02854,,,17.0,PMMA,,
TADF-M-02855,,,57.0,PMMA,,
TADF-M-02856,,,91.0,PMMA,,
TADF-M-01970,,,81.0,mCP,44.0,mCP
TADF-M-01972,473.0,toluene,96.0,DPEPO,,
TADF-M-01973,450.0,toluene,87.0,DPEPO,,
TADF-M-01974,430.0,toluene,79.0,DPEPO,,
TADF-M-02861,609.0,toluene,,,32.0,toluene
TADF-M-02862,623.0,toluene,,,37.0,toluene
TADF-M-02863,631.0,toluene,,,37.0,toluene
TADF-M-01975,445.0,toluene,,,,
TADF-M-01976,448.0,toluene,,,,
TADF-M-01984,521.0,TCTA,59.0,TCTA,,
TADF-M-00765,531.0,neat film,76.71,neat film,,
TADF-M-01987,542.0,neat film,50.81,neat film,,
TADF-M-01988,547.0,neat film,16.39,neat film,,
TADF-M-01989,557.0,neat film,59.15,neat film,,
TADF-M-01990,554.0,neat film,7.51,neat film,,
TADF-M-02865,381.0,toluene,,,52.0,toluene
TADF-M-02866,395.0,toluene,56.7,DPEPO,55.0,toluene
TADF-M-02867,430.0,toluene,57.7,DPEPO,71.0,toluene
TADF-M-00230,445.0,simulation,95.0,simulation,,
TADF-M-01991,505.0,simulation,98.0,simulation,,
TADF-M-01995,424.0,neat film,68.0,CHCl3,,
TADF-M-01996,428.0,CHCl3,10.0,CHCl3,,
TADF-M-01997,433.0,CHCl3,42.0,CHCl3,,
TADF-M-01998,448.0,CHCl3,3.9,CHCl3,,
TADF-M-01999,414.0,CHCl3,27.0,CHCl3,,
TADF-M-02000,440.0,CHCl3,4.8,CHCl3,,
TADF-M-02003,463.0,MeCN,44.1,PMMA,,
TADF-M-02004,459.0,MeCN,51.3,MeCN,,
TADF-M-02018,562.0,toluene,,,,
TADF-M-02019,533.0,toluene,,,,
TADF-M-02020,506.0,toluene,,,,
TADF-M-00895,502.0,mCP,90.0,mCP,,
TADF-M-02021,486.0,mCP,77.0,mCP,,
TADF-M-02022,501.0,mCP,71.0,mCP,,
TADF-M-02023,534.0,mCP,76.0,mCP,,
TADF-M-02024,539.0,mCP,78.0,mCP,,
TADF-M-02025,577.0,mCP,18.0,mCP,,
TADF-M-02026,599.0,mCP,23.0,mCP,,
TADF-M-02868,491.0,toluene,88.0,mCP,,
TADF-M-02869,500.0,toluene,98.0,mCP,,
TADF-M-02870,504.0,toluene,99.0,mCP,,
TADF-M-02027,448.0,toluene,11.2,neat film,,
TADF-M-02028,422.0,toluene,36.2,neat film,,
TADF-M-02874,494.0,mCP,78.0,mCP,49.0,mCP
TADF-M-02031,562.0,mCP,92.0,mCP,75.0,mCP
TADF-M-02875,585.0,toluene,,,,
TADF-M-02876,631.0,toluene,,,,
TADF-M-02878,472.0,"2,6-DCzPPy",88.0,"2,6-DCzPPy",28.0,"2,6-DCzPPy"
TADF-M-02879,,,43.0,CBP,,
TADF-M-02880,,,53.0,CBP,,
TADF-M-02881,480.0,toluene,75.2,mCBP,,
TADF-M-02033,497.0,toluene,90.9,"2,6-DCzPPy",,
TADF-M-02034,505.0,toluene,86.5,"2,6-DCzPPy",,
TADF-M-02035,495.0,toluene,92.0,"2,6-DCzPPy",,
TADF-M-01269,503.0,toluene,92.7,"2,6-DCzPPy",,
TADF-M-01270,509.0,toluene,91.2,"2,6-DCzPPy",,
TADF-M-02036,496.0,toluene,92.8,"2,6-DCzPPy",,
TADF-M-02044,,,22.0,neat film,,
TADF-M-02047,565.0,toluene,23.0,neat film,,
TADF-M-02048,611.0,toluene,11.0,neat film,,
TADF-M-02051,488.0,neat film,78.0,neat film,,
TADF-M-02049,472.0,neat film,66.0,neat film,64.0,toluene
TADF-M-02052,480.0,neat film,55.0,neat film,,
TADF-M-02053,483.0,neat film,53.0,neat film,,
TADF-M-02884,504.0,toluene,20.0,PhCzBCz,26.0,PhCzBCz
TADF-M-02885,484.0,toluene,42.0,PhCzBCz,37.0,PhCzBCz
TADF-M-02886,474.0,toluene,84.0,PhCzBCz,31.0,PhCzBCz
TADF-M-02890,508.0,toluene,,,,
TADF-M-02064,547.0,neat film,,,,
TADF-M-02065,524.0,THF,27.0,THF,,
TADF-M-02066,503.0,THF,31.0,THF,,
TADF-M-02067,508.0,THF,19.0,THF,,
TADF-M-02085,497.0,toluene,,,48.0,toluene
TADF-M-02086,,,36.0,toluene,,
TADF-M-02087,,,37.0,toluene,,
TADF-M-02893,416.0,THF,,,,
TADF-M-02894,436.0,THF,,,,
TADF-M-02895,495.0,toluene,91.0,CBP,,
TADF-M-02896,493.0,toluene,87.0,CBP,,
TADF-M-02897,533.0,CBP,93.0,CBP,,
TADF-M-00392,474.0,toluene,,,,
TADF-M-02088,368.0,toluene,,,,
TADF-M-02089,293.0,toluene,,,,
TADF-M-02090,355.0,toluene,,,,
TADF-M-02091,441.0,toluene,16.0,CBP,,
TADF-M-02092,460.0,toluene,53.0,CBP,,
TADF-M-02093,576.0,toluene,,,,
TADF-M-02094,574.0,toluene,,,,
TADF-M-02095,611.0,toluene,,,,
TADF-M-02096,431.0,toluene,,,,
TADF-M-02097,446.0,toluene,,,,
TADF-M-02098,626.0,CBP,100.0,CBP,,
TADF-M-02099,646.0,CBP,71.0,CBP,,
TADF-M-02133,476.0,mCBP,,,,
TADF-M-02100,495.0,toluene,,,,
TADF-M-02101,497.0,toluene,,,,
TADF-M-02102,512.0,neat film,76.2,neat film,,
TADF-M-02902,559.0,mCBP,40.0,mCBP,,
TADF-M-02903,518.0,mCBP,48.0,mCBP,,
TADF-M-02105,465.0,toluene,98.0,toluene,62.0,toluene
TADF-M-02106,485.0,toluene,90.0,toluene,87.0,toluene
TADF-M-02107,512.0,toluene,99.0,toluene,74.0,toluene
TADF-M-02108,515.0,toluene,77.0,toluene,87.0,toluene
TADF-M-02109,,,94.0,DPEPO,,
TADF-M-02110,,,54.7,DPEPO,,
TADF-M-02111,,,31.8,DPEPO,,
TADF-M-02112,,,88.7,DPEPO,,
TADF-M-02113,409.0,toluene,,,,
TADF-M-02114,430.0,toluene,,,,
TADF-M-02115,451.0,toluene,,,,
TADF-M-02116,,,82.0,DBFPO,,
TADF-M-02117,,,79.0,DBFPO,,
TADF-M-02118,,,54.0,DBFPO,,
TADF-M-02119,,,21.0,DBFPO,,
TADF-M-00177,,,,,84.0,mCBP
TADF-M-02135,,,,,80.0,mCBP
TADF-M-00179,,,,,81.0,mCBP
TADF-M-02120,421.0,CH2Cl2,,,,
TADF-M-02121,459.0,CH2Cl2,,,,
TADF-M-02130,666.6,toluene,,,,
TADF-M-02131,645.9,toluene,,,,
TADF-M-02132,,,,,22.0,toluene
TADF-M-02908,492.0,toluene,,,22.0,toluene
TADF-M-02909,494.0,toluene,,,21.0,toluene
TADF-M-02150,525.0,CH2Cl2,,,,
TADF-M-02151,467.0,toluene,,,,
TADF-M-02153,577.0,mCP,87.0,mCP,,
TADF-M-02154,615.0,CBP,51.6,CBP,,
TADF-M-02155,580.0,CBP,52.4,CBP,,
TADF-M-00767,516.0,toluene,59.0,DPEPO,,
TADF-M-02200,505.0,toluene,65.0,DPEPO,,
TADF-M-00768,464.0,toluene,77.0,DPEPO,,
TADF-M-02201,491.0,toluene,93.0,toluene,73.0,toluene
TADF-M-00422,312.0,CH2Cl2,,,,
TADF-M-02917,311.0,CH2Cl2,,,,
TADF-M-02918,310.0,CH2Cl2,,,,
TADF-M-00457,301.0,CH2Cl2,,,,
TADF-M-00250,405.0,toluene,,,,
TADF-M-00114,404.0,toluene,,,,
TADF-M-00251,396.0,toluene,,,,
TADF-M-02161,595.0,THF,5.5,THF,,
TADF-M-02162,541.0,THF,9.1,THF,,
TADF-M-02164,420.0,neat film,31.0,neat film,,
TADF-M-02165,454.0,neat film,22.0,neat film,,
TADF-M-02166,467.0,neat film,33.0,neat film,,
TADF-M-02171,446.0,PMMA,5.0,mCP,,
TADF-M-02172,415.0,mCP,9.0,mCP,,
TADF-M-02173,420.0,PMMA,8.0,mCP,,
TADF-M-02174,491.0,PMMA,15.0,mCP,,
TADF-M-02175,471.0,PMMA,7.0,mCP,,
TADF-M-02176,481.0,PMMA,9.0,mCP,,
TADF-M-02177,443.0,toluene,91.0,toluene,,
TADF-M-02178,458.0,toluene,89.0,toluene,,
TADF-M-02179,475.0,toluene,44.0,toluene,,
TADF-M-02182,590.0,toluene,99.0,CBP,,
TADF-M-02922,633.0,toluene,,,,
TADF-M-02923,629.0,toluene,,,,
TADF-M-02924,642.0,toluene,,,,
TADF-M-02925,672.0,toluene,,,,
TADF-M-02183,708.0,toluene,,,,
TADF-M-02189,463.0,toluene,5.7,toluene,,
TADF-M-02190,466.0,toluene,3.3,toluene,,
TADF-M-02191,431.0,toluene,5.5,toluene,,
TADF-M-02192,475.0,toluene,9.6,toluene,,
TADF-M-02193,490.0,toluene,5.3,toluene,,
TADF-M-02194,511.0,toluene,8.4,toluene,,
TADF-M-02195,512.0,toluene,1.9,toluene,,
TADF-M-02196,515.0,toluene,7.2,toluene,,
TADF-M-02197,506.0,toluene,7.5,toluene,,
TADF-M-02198,498.0,toluene,7.0,toluene,,
TADF-M-02199,511.0,toluene,13.0,toluene,,
TADF-M-02930,455.0,SiTrzCz2,25.0,SiTrzCz2,,
TADF-M-02931,457.0,SiTrzCz2,46.0,SiTrzCz2,,
TADF-M-00730,535.0,THF,,,,
TADF-M-02934,603.0,toluene,,,35.0,toluene
TADF-M-02935,620.0,toluene,,,34.0,toluene
TADF-M-02936,560.0,toluene,,,83.0,toluene
TADF-M-02202,409.0,toluene,,,,
TADF-M-02203,438.0,toluene,,,,
TADF-M-02204,,,19.0,CH2Cl2,,
TADF-M-00801,632.0,neat film,32.0,CBP,,
TADF-M-02211,637.0,toluene,50.0,mCP,,
TADF-M-02212,660.0,toluene,38.0,mCP,,
TADF-M-02213,473.0,toluene,,,,
TADF-M-02214,473.0,toluene,,,,
TADF-M-02942,436.0,toluene,,,,
TADF-M-02943,435.0,toluene,,,,
TADF-M-02215,493.0,toluene,,,,
TADF-M-02063,,,47.0,CBP,,
TADF-M-02216,,,65.0,CBP,,
TADF-M-02946,400.0,neat film,,,,
TADF-M-02947,387.0,neat film,,,,
TADF-M-02217,482.0,toluene,,,76.0,toluene
TADF-M-02218,504.0,toluene,,,81.0,toluene
TADF-M-02219,495.0,toluene,,,93.0,toluene
TADF-M-02220,465.0,toluene,48.5,PMMA,,
TADF-M-02221,498.0,toluene,58.79,PMMA,,
TADF-M-02222,490.0,toluene,12.0,toluene,,
TADF-M-02223,546.0,toluene,11.0,toluene,,
TADF-M-02236,,,86.0,mCBP,64.0,toluene
TADF-M-02237,465.0,toluene,,,,
TADF-M-02238,520.0,toluene,,,,
TADF-M-02239,552.0,toluene,,,,
TADF-M-02949,476.0,CHCl3,,,,
TADF-M-00447,478.0,mCP,,,52.0,mCP
TADF-M-00449,540.0,toluene,65.0,toluene,35.0,mCP
TADF-M-00448,541.0,toluene,53.0,toluene,35.0,mCP
